"site","habitat","treatment","plot","sampling_unit","year","date","variable_type","variable_name","level","observation","units","comments","author_code"
"toledo","scrub","hyper",NA,"pitfall_1",2021,"2021_06_27","invertebrates","size_spectra",NA,1.87159362152049,"trophic_eff",NA,"QMdAPF1_44374"
"toledo","scrub","hyper",NA,"pitfall_2",2021,"2021_06_27","invertebrates","size_spectra",NA,1.50760752373411,"trophic_eff",NA,"QMdAPF2_44374"
"toledo","scrub","hyper",NA,"pitfall_3",2021,"2021_06_27","invertebrates","size_spectra",NA,1.90146076850958,"trophic_eff",NA,"QMdAPF3_44374"
"toledo","scrub","hyper",NA,"pitfall_4",2021,"2021_06_27","invertebrates","size_spectra",NA,2.26726833124242,"trophic_eff",NA,"QMdAPF4_44374"
"toledo","scrub","hyper",NA,"pitfall_5",2021,"2021_06_27","invertebrates","size_spectra",NA,2.35785717326678,"trophic_eff",NA,"QMdAPF5_44374"
"toledo","scrub","hyper",NA,"pitfall_6",2021,"2021_06_27","invertebrates","size_spectra",NA,1.78283331783923,"trophic_eff",NA,"QMdAPF6_44374"
"toledo","scrub","hyper",NA,"pitfall_7",2021,"2021_06_27","invertebrates","size_spectra",NA,1.63462692361487,"trophic_eff",NA,"QMdAPF7_44374"
"toledo","scrub","hyper",NA,"pitfall_8",2021,"2021_06_27","invertebrates","size_spectra",NA,1.86487292441084,"trophic_eff",NA,"QMdAPF8_44374"
"toledo","scrub","hyper",NA,"pitfall_9",2021,"2021_06_27","invertebrates","size_spectra",NA,1.96594980520192,"trophic_eff",NA,"QMdAPF9_44374"
"toledo","scrub","hyper",NA,"pitfall_10",2021,"2021_06_27","invertebrates","size_spectra",NA,1.8058848702773,"trophic_eff",NA,"QMdAPF10_44374"
"toledo","scrub","hyper",NA,"pitfall_11",2021,"2021_06_27","invertebrates","size_spectra",NA,2.16326633121264,"trophic_eff",NA,"QMdAPF11_44374"
"toledo","scrub","hyper",NA,"pitfall_12",2021,"2021_06_27","invertebrates","size_spectra",NA,1.79652935321294,"trophic_eff",NA,"QMdAPF12_44374"
"toledo","forest","hyper","track_16","pitfall_1",2021,"2021_06_27","invertebrates","size_spectra",NA,2.04922736421868,"trophic_eff",NA,"QMdAT16PF1_44374"
"toledo","forest","hyper","track_16","pitfall_2",2021,"2021_06_27","invertebrates","size_spectra",NA,2.01720289458409,"trophic_eff",NA,"QMdAT16PF2_44374"
"toledo","forest","hyper","track_16","pitfall_3",2021,"2021_06_27","invertebrates","size_spectra",NA,2.09770481659003,"trophic_eff",NA,"QMdAT16PF3_44374"
"toledo","forest","hyper","track_66","pitfall_1",2021,"2021_06_27","invertebrates","size_spectra",NA,1.91966417013947,"trophic_eff",NA,"QMdAT66PF1_44374"
"toledo","forest","hyper","track_66","pitfall_2",2021,"2021_06_27","invertebrates","size_spectra",NA,2.13002346763249,"trophic_eff",NA,"QMdAT66PF2_44374"
"toledo","forest","hyper","track_66","pitfall_3",2021,"2021_06_27","invertebrates","size_spectra",NA,2.21668077432363,"trophic_eff",NA,"QMdAT66PF3_44374"
"toledo","scrub","high",NA,"pitfall_1",2021,"2021_06_27","invertebrates","size_spectra",NA,2.74140396624958,"trophic_eff",NA,"QMdBPF1_44374"
"toledo","scrub","high",NA,"pitfall_2",2021,"2021_06_27","invertebrates","size_spectra",NA,1.88823258746414,"trophic_eff",NA,"QMdBPF2_44374"
"toledo","scrub","high",NA,"pitfall_3",2021,"2021_06_27","invertebrates","size_spectra",NA,2.03342495790804,"trophic_eff",NA,"QMdBPF3_44374"
"toledo","scrub","high",NA,"pitfall_4",2021,"2021_06_27","invertebrates","size_spectra",NA,2.08690897097676,"trophic_eff",NA,"QMdBPF4_44374"
"toledo","scrub","high",NA,"pitfall_5",2021,"2021_06_27","invertebrates","size_spectra",NA,1.93234946186661,"trophic_eff",NA,"QMdBPF5_44374"
"toledo","scrub","high",NA,"pitfall_6",2021,"2021_06_27","invertebrates","size_spectra",NA,2.07754610155289,"trophic_eff",NA,"QMdBPF6_44374"
"toledo","scrub","high",NA,"pitfall_7",2021,"2021_06_27","invertebrates","size_spectra",NA,1.98062093697714,"trophic_eff",NA,"QMdBPF7_44374"
"toledo","scrub","high",NA,"pitfall_8",2021,"2021_06_27","invertebrates","size_spectra",NA,2.99629830169834,"trophic_eff",NA,"QMdBPF8_44374"
"toledo","scrub","high",NA,"pitfall_9",2021,"2021_06_27","invertebrates","size_spectra",NA,2.2331499167798,"trophic_eff",NA,"QMdBPF9_44374"
"toledo","scrub","high",NA,"pitfall_10",2021,"2021_06_27","invertebrates","size_spectra",NA,2.14792492750303,"trophic_eff",NA,"QMdBPF10_44374"
"toledo","scrub","high",NA,"pitfall_11",2021,"2021_06_27","invertebrates","size_spectra",NA,1.59185255806857,"trophic_eff",NA,"QMdBPF11_44374"
"toledo","scrub","high",NA,"pitfall_12",2021,"2021_06_27","invertebrates","size_spectra",NA,2.46064396014622,"trophic_eff",NA,"QMdBPF12_44374"
"toledo","forest","high","track_12","pitfall_1",2021,"2021_06_27","invertebrates","size_spectra",NA,2.52615423268045,"trophic_eff",NA,"QMdBT12PF1_44374"
"toledo","forest","high","track_12","pitfall_2",2021,"2021_06_27","invertebrates","size_spectra",NA,1.94247874927049,"trophic_eff",NA,"QMdBT12PF2_44374"
"toledo","forest","high","track_12","pitfall_3",2021,"2021_06_27","invertebrates","size_spectra",NA,1.7018269604501,"trophic_eff",NA,"QMdBT12PF3_44374"
"toledo","forest","high","track_14","pitfall_1",2021,"2021_06_27","invertebrates","size_spectra",NA,1.93310831161345,"trophic_eff",NA,"QMdBT14PF1_44374"
"toledo","forest","high","track_14","pitfall_2",2021,"2021_06_27","invertebrates","size_spectra",NA,1.94364710260389,"trophic_eff",NA,"QMdBT14PF2_44374"
"toledo","forest","high","track_14","pitfall_3",2021,"2021_06_27","invertebrates","size_spectra",NA,2.39178465664814,"trophic_eff",NA,"QMdBT14PF3_44374"
"toledo","scrub","control",NA,"pitfall_1",2021,"2021_06_27","invertebrates","size_spectra",NA,2.32487177748439,"trophic_eff",NA,"QMdCPF1_44374"
"toledo","scrub","control",NA,"pitfall_2",2021,"2021_06_27","invertebrates","size_spectra",NA,2.43358182789179,"trophic_eff",NA,"QMdCPF2_44374"
"toledo","scrub","control",NA,"pitfall_3",2021,"2021_06_27","invertebrates","size_spectra",NA,1.88427168127153,"trophic_eff",NA,"QMdCPF3_44374"
"toledo","scrub","control",NA,"pitfall_4",2021,"2021_06_27","invertebrates","size_spectra",NA,2.17486473498687,"trophic_eff",NA,"QMdCPF4_44374"
"toledo","scrub","control",NA,"pitfall_5",2021,"2021_06_27","invertebrates","size_spectra",NA,1.88552053966773,"trophic_eff",NA,"QMdCPF5_44374"
"toledo","scrub","control",NA,"pitfall_6",2021,"2021_06_27","invertebrates","size_spectra",NA,1.9733182957468,"trophic_eff",NA,"QMdCPF6_44374"
"toledo","scrub","control",NA,"pitfall_7",2021,"2021_06_27","invertebrates","size_spectra",NA,1.32452009744734,"trophic_eff",NA,"QMdCPF7_44374"
"toledo","scrub","control",NA,"pitfall_8",2021,"2021_06_27","invertebrates","size_spectra",NA,1.94730534687404,"trophic_eff",NA,"QMdCPF8_44374"
"toledo","scrub","control",NA,"pitfall_9",2021,"2021_06_27","invertebrates","size_spectra",NA,1.62927118547357,"trophic_eff",NA,"QMdCPF9_44374"
"toledo","scrub","control",NA,"pitfall_10",2021,"2021_06_27","invertebrates","size_spectra",NA,2.25476005346459,"trophic_eff",NA,"QMdCPF10_44374"
"toledo","scrub","control",NA,"pitfall_11",2021,"2021_06_27","invertebrates","size_spectra",NA,2.50409415209263,"trophic_eff",NA,"QMdCPF11_44374"
"toledo","scrub","control",NA,"pitfall_12",2021,"2021_06_27","invertebrates","size_spectra",NA,2.28801955959507,"trophic_eff",NA,"QMdCPF12_44374"
"toledo","forest","control","track_6","pitfall_1",2021,"2021_06_27","invertebrates","size_spectra",NA,2.05787123057247,"trophic_eff",NA,"QMdCT6PF1_44374"
"toledo","forest","control","track_6","pitfall_2",2021,"2021_06_27","invertebrates","size_spectra",NA,2.12104133616413,"trophic_eff",NA,"QMdCT6PF2_44374"
"toledo","forest","control","track_6","pitfall_3",2021,"2021_06_27","invertebrates","size_spectra",NA,1.8874745134616,"trophic_eff",NA,"QMdCT6PF3_44374"
"toledo","forest","control","track_8","pitfall_1",2021,"2021_06_27","invertebrates","size_spectra",NA,2.08339133610723,"trophic_eff",NA,"QMdCT8PF1_44374"
"toledo","forest","control","track_8","pitfall_2",2021,"2021_06_27","invertebrates","size_spectra",NA,1.57728827104053,"trophic_eff",NA,"QMdCT8PF2_44374"
"toledo","forest","control","track_8","pitfall_3",2021,"2021_06_27","invertebrates","size_spectra",NA,2.09162200722724,"trophic_eff",NA,"QMdCT8PF3_44374"
"valencia",NA,"hyper","track_1","pitfall_1",2021,"2021_06_28","invertebrates","size_spectra",NA,2.02172062716191,"trophic_eff",NA,"MCdAT1PF1_44375"
"valencia",NA,"hyper","track_1","pitfall_2",2021,"2021_06_28","invertebrates","size_spectra",NA,1.83848215033975,"trophic_eff",NA,"MCdAT1PF2_44375"
"valencia",NA,"hyper","track_1","pitfall_3",2021,"2021_06_28","invertebrates","size_spectra",NA,0.934164040587885,"trophic_eff",NA,"MCdAT1PF3_44375"
"valencia",NA,"hyper","track_2","pitfall_1",2021,"2021_06_28","invertebrates","size_spectra",NA,2.17512970774495,"trophic_eff",NA,"MCdAT2PF1_44375"
"valencia",NA,"hyper","track_2","pitfall_2",2021,"2021_06_28","invertebrates","size_spectra",NA,1.78782812730801,"trophic_eff",NA,"MCdAT2PF2_44375"
"valencia",NA,"hyper","track_2","pitfall_3",2021,"2021_06_28","invertebrates","size_spectra",NA,2.48064469390211,"trophic_eff",NA,"MCdAT2PF3_44375"
"valencia",NA,"hyper","track_3","pitfall_1",2021,"2021_06_28","invertebrates","size_spectra",NA,1.55545997946705,"trophic_eff",NA,"MCdAT3PF1_44375"
"valencia",NA,"hyper","track_3","pitfall_2",2021,"2021_06_28","invertebrates","size_spectra",NA,3.37255667218431,"trophic_eff",NA,"MCdAT3PF2_44375"
"valencia",NA,"hyper","track_3","pitfall_3",2021,"2021_06_28","invertebrates","size_spectra",NA,1.78955197733463,"trophic_eff",NA,"MCdAT3PF3_44375"
"valencia",NA,"hyper","track_4","pitfall_1",2021,"2021_06_28","invertebrates","size_spectra",NA,2.16164584172869,"trophic_eff",NA,"MCdAT4PF1_44375"
"valencia",NA,"hyper","track_4","pitfall_2",2021,"2021_06_28","invertebrates","size_spectra",NA,1.82967631009598,"trophic_eff",NA,"MCdAT4PF2_44375"
"valencia",NA,"hyper","track_4","pitfall_3",2021,"2021_06_28","invertebrates","size_spectra",NA,1.18901124024451,"trophic_eff",NA,"MCdAT4PF3_44375"
"valencia",NA,"control_hyper","track_1","pitfall_1",2021,"2021_06_28","invertebrates","size_spectra",NA,1.19089087737298,"trophic_eff",NA,"MCdACT1PF1_44375"
"valencia",NA,"control_hyper","track_1","pitfall_2",2021,"2021_06_28","invertebrates","size_spectra",NA,1.79273361205487,"trophic_eff",NA,"MCdACT1PF2_44375"
"valencia",NA,"control_hyper","track_1","pitfall_3",2021,"2021_06_28","invertebrates","size_spectra",NA,2.07954083822308,"trophic_eff",NA,"MCdACT1PF3_44375"
"valencia",NA,"control_hyper","track_2","pitfall_1",2021,"2021_06_28","invertebrates","size_spectra",NA,1.43429861687401,"trophic_eff",NA,"MCdACT2PF1_44375"
"valencia",NA,"control_hyper","track_2","pitfall_2",2021,"2021_06_28","invertebrates","size_spectra",NA,1.76490310912992,"trophic_eff",NA,"MCdACT2PF2_44375"
"valencia",NA,"control_hyper","track_2","pitfall_3",2021,"2021_06_28","invertebrates","size_spectra",NA,1.60669996549377,"trophic_eff",NA,"MCdACT2PF3_44375"
"valencia",NA,"control_hyper","track_3","pitfall_1",2021,"2021_06_28","invertebrates","size_spectra",NA,1.71031165497794,"trophic_eff",NA,"MCdACT3PF1_44375"
"valencia",NA,"control_hyper","track_3","pitfall_2",2021,"2021_06_28","invertebrates","size_spectra",NA,1.51462335541042,"trophic_eff",NA,"MCdACT3PF2_44375"
"valencia",NA,"control_hyper","track_3","pitfall_3",2021,"2021_06_28","invertebrates","size_spectra",NA,2.12330657111426,"trophic_eff",NA,"MCdACT3PF3_44375"
"valencia",NA,"control_hyper","track_4","pitfall_1",2021,"2021_06_28","invertebrates","size_spectra",NA,2.5664906695271,"trophic_eff",NA,"MCdACT4PF1_44375"
"valencia",NA,"control_hyper","track_4","pitfall_2",2021,"2021_06_28","invertebrates","size_spectra",NA,2.07048193965166,"trophic_eff",NA,"MCdACT4PF2_44375"
"valencia",NA,"control_hyper","track_4","pitfall_3",2021,"2021_06_28","invertebrates","size_spectra",NA,1.84463312238385,"trophic_eff",NA,"MCdACT4PF3_44375"
"valencia",NA,"high","track_1","pitfall_1",2021,"2021_06_28","invertebrates","size_spectra",NA,2.40731914538952,"trophic_eff",NA,"MCdBT1PF1_44375"
"valencia",NA,"high","track_1","pitfall_2",2021,"2021_06_28","invertebrates","size_spectra",NA,1.99606862262295,"trophic_eff",NA,"MCdBT1PF2_44375"
"valencia",NA,"high","track_1","pitfall_3",2021,"2021_06_28","invertebrates","size_spectra",NA,1.90563033383528,"trophic_eff",NA,"MCdBT1PF3_44375"
"valencia",NA,"high","track_2","pitfall_1",2021,"2021_06_28","invertebrates","size_spectra",NA,2.40403442969793,"trophic_eff",NA,"MCdBT2PF1_44375"
"valencia",NA,"high","track_2","pitfall_2",2021,"2021_06_28","invertebrates","size_spectra",NA,2.31025705092402,"trophic_eff",NA,"MCdBT2PF2_44375"
"valencia",NA,"high","track_2","pitfall_3",2021,"2021_06_28","invertebrates","size_spectra",NA,2.32886866129676,"trophic_eff",NA,"MCdBT2PF3_44375"
"valencia",NA,"high","track_3","pitfall_1",2021,"2021_06_28","invertebrates","size_spectra",NA,2.00689069718422,"trophic_eff",NA,"MCdBT3PF1_44375"
"valencia",NA,"high","track_3","pitfall_2",2021,"2021_06_28","invertebrates","size_spectra",NA,1.80779336357463,"trophic_eff",NA,"MCdBT3PF2_44375"
"valencia",NA,"high","track_3","pitfall_3",2021,"2021_06_28","invertebrates","size_spectra",NA,2.21856358244302,"trophic_eff",NA,"MCdBT3PF3_44375"
"valencia",NA,"high","track_4","pitfall_1",2021,"2021_06_28","invertebrates","size_spectra",NA,1.66367363091007,"trophic_eff",NA,"MCdBT4PF1_44375"
"valencia",NA,"high","track_4","pitfall_2",2021,"2021_06_28","invertebrates","size_spectra",NA,2.95489840368827,"trophic_eff",NA,"MCdBT4PF2_44375"
"valencia",NA,"high","track_4","pitfall_3",2021,"2021_06_28","invertebrates","size_spectra",NA,2.20531816270004,"trophic_eff",NA,"MCdBT4PF3_44375"
"valencia",NA,"control_high","track_1","pitfall_1",2021,"2021_06_28","invertebrates","size_spectra",NA,2.01333364385059,"trophic_eff",NA,"MCdBCT1PF1_44375"
"valencia",NA,"control_high","track_1","pitfall_2",2021,"2021_06_28","invertebrates","size_spectra",NA,2.73569769475449,"trophic_eff",NA,"MCdBCT1PF2_44375"
"valencia",NA,"control_high","track_1","pitfall_3",2021,"2021_06_28","invertebrates","size_spectra",NA,1.53218164988329,"trophic_eff",NA,"MCdBCT1PF3_44375"
"valencia",NA,"control_high","track_2","pitfall_1",2021,"2021_06_28","invertebrates","size_spectra",NA,1.65197083370172,"trophic_eff",NA,"MCdBCT2PF1_44375"
"valencia",NA,"control_high","track_2","pitfall_2",2021,"2021_06_28","invertebrates","size_spectra",NA,2.00972092592389,"trophic_eff",NA,"MCdBCT2PF2_44375"
"valencia",NA,"control_high","track_2","pitfall_3",2021,"2021_06_28","invertebrates","size_spectra",NA,1.56278589135163,"trophic_eff",NA,"MCdBCT2PF3_44375"
"valencia",NA,"control_high","track_3","pitfall_1",2021,"2021_06_28","invertebrates","size_spectra",NA,2.63711163304036,"trophic_eff",NA,"MCdBCT3PF1_44375"
"valencia",NA,"control_high","track_3","pitfall_2",2021,"2021_06_28","invertebrates","size_spectra",NA,1.86000665029714,"trophic_eff",NA,"MCdBCT3PF2_44375"
"valencia",NA,"control_high","track_3","pitfall_3",2021,"2021_06_28","invertebrates","size_spectra",NA,4.04928681875369,"trophic_eff",NA,"MCdBCT3PF3_44375"
"valencia",NA,"control_high","track_4","pitfall_1",2021,"2021_06_28","invertebrates","size_spectra",NA,2.32635127320747,"trophic_eff",NA,"MCdBCT4PF1_44375"
"valencia",NA,"control_high","track_4","pitfall_2",2021,"2021_06_28","invertebrates","size_spectra",NA,3.00490581194229,"trophic_eff",NA,"MCdBCT4PF2_44375"
"valencia",NA,"control_high","track_4","pitfall_3",2021,"2021_06_28","invertebrates","size_spectra",NA,3.78936723807762,"trophic_eff",NA,"MCdBCT4PF3_44375"
"toledo","scrub","hyper",NA,"pitfall_1",2022,"2022_06_27","invertebrates","size_spectra",NA,2.54965681067936,"trophic_eff",NA,"QMdAPF1_44739"
"toledo","scrub","hyper",NA,"pitfall_2",2022,"2022_06_27","invertebrates","size_spectra",NA,2.49400840950796,"trophic_eff",NA,"QMdAPF2_44739"
"toledo","scrub","hyper",NA,"pitfall_3",2022,"2022_06_27","invertebrates","size_spectra",NA,2.29525913382695,"trophic_eff",NA,"QMdAPF3_44739"
"toledo","scrub","hyper",NA,"pitfall_4",2022,"2022_06_27","invertebrates","size_spectra",NA,2.39670381709846,"trophic_eff",NA,"QMdAPF4_44739"
"toledo","scrub","hyper",NA,"pitfall_5",2022,"2022_06_27","invertebrates","size_spectra",NA,1.91416415745953,"trophic_eff",NA,"QMdAPF5_44739"
"toledo","scrub","hyper",NA,"pitfall_6",2022,"2022_06_27","invertebrates","size_spectra",NA,2.17739908386303,"trophic_eff",NA,"QMdAPF6_44739"
"toledo","scrub","hyper",NA,"pitfall_7",2022,"2022_06_27","invertebrates","size_spectra",NA,2.46827483663904,"trophic_eff",NA,"QMdAPF7_44739"
"toledo","scrub","hyper",NA,"pitfall_8",2022,"2022_06_27","invertebrates","size_spectra",NA,2.13680924567648,"trophic_eff",NA,"QMdAPF8_44739"
"toledo","scrub","hyper",NA,"pitfall_9",2022,"2022_06_27","invertebrates","size_spectra",NA,1.5969940048155,"trophic_eff",NA,"QMdAPF9_44739"
"toledo","scrub","hyper",NA,"pitfall_10",2022,"2022_06_27","invertebrates","size_spectra",NA,2.0495302456496,"trophic_eff",NA,"QMdAPF10_44739"
"toledo","scrub","hyper",NA,"pitfall_11",2022,"2022_06_27","invertebrates","size_spectra",NA,2.09740372083167,"trophic_eff",NA,"QMdAPF11_44739"
"toledo","scrub","hyper",NA,"pitfall_12",2022,"2022_06_27","invertebrates","size_spectra",NA,1.97046864499527,"trophic_eff",NA,"QMdAPF12_44739"
"toledo","forest","hyper","track_16","pitfall_1",2022,"2022_06_27","invertebrates","size_spectra",NA,1.86630413879602,"trophic_eff",NA,"QMdAT16PF1_44739"
"toledo","forest","hyper","track_16","pitfall_2",2022,"2022_06_27","invertebrates","size_spectra",NA,2.46262961742558,"trophic_eff",NA,"QMdAT16PF2_44739"
"toledo","forest","hyper","track_16","pitfall_3",2022,"2022_06_27","invertebrates","size_spectra",NA,1.88037691015055,"trophic_eff",NA,"QMdAT16PF3_44739"
"toledo","forest","hyper","track_66","pitfall_1",2022,"2022_06_27","invertebrates","size_spectra",NA,1.54677292388415,"trophic_eff",NA,"QMdAT66PF1_44739"
"toledo","forest","hyper","track_66","pitfall_2",2022,"2022_06_27","invertebrates","size_spectra",NA,2.22099235507666,"trophic_eff",NA,"QMdAT66PF2_44739"
"toledo","forest","hyper","track_66","pitfall_3",2022,"2022_06_27","invertebrates","size_spectra",NA,1.81205939814857,"trophic_eff",NA,"QMdAT66PF3_44739"
"toledo","scrub","high",NA,"pitfall_1",2022,"2022_06_27","invertebrates","size_spectra",NA,3.05463481721271,"trophic_eff",NA,"QMdBPF1_44739"
"toledo","scrub","high",NA,"pitfall_2",2022,"2022_06_27","invertebrates","size_spectra",NA,3.04253630215248,"trophic_eff",NA,"QMdBPF2_44739"
"toledo","scrub","high",NA,"pitfall_3",2022,"2022_06_27","invertebrates","size_spectra",NA,1.79525602013761,"trophic_eff",NA,"QMdBPF3_44739"
"toledo","scrub","high",NA,"pitfall_4",2022,"2022_06_27","invertebrates","size_spectra",NA,2.57522426182972,"trophic_eff",NA,"QMdBPF4_44739"
"toledo","scrub","high",NA,"pitfall_5",2022,"2022_06_27","invertebrates","size_spectra",NA,3.7128795561257,"trophic_eff",NA,"QMdBPF5_44739"
"toledo","scrub","high",NA,"pitfall_6",2022,"2022_06_27","invertebrates","size_spectra",NA,2.75165156899432,"trophic_eff",NA,"QMdBPF6_44739"
"toledo","scrub","high",NA,"pitfall_7",2022,"2022_06_27","invertebrates","size_spectra",NA,3.31724977845945,"trophic_eff",NA,"QMdBPF7_44739"
"toledo","scrub","high",NA,"pitfall_8",2022,"2022_06_27","invertebrates","size_spectra",NA,1.00278747556601,"trophic_eff",NA,"QMdBPF8_44739"
"toledo","scrub","high",NA,"pitfall_9",2022,"2022_06_27","invertebrates","size_spectra",NA,2.69654193537885,"trophic_eff",NA,"QMdBPF9_44739"
"toledo","scrub","high",NA,"pitfall_10",2022,"2022_06_27","invertebrates","size_spectra",NA,2.68445522261613,"trophic_eff",NA,"QMdBPF10_44739"
"toledo","scrub","high",NA,"pitfall_11",2022,"2022_06_27","invertebrates","size_spectra",NA,2.78505802819868,"trophic_eff",NA,"QMdBPF11_44739"
"toledo","scrub","high",NA,"pitfall_12",2022,"2022_06_27","invertebrates","size_spectra",NA,2.45153483828294,"trophic_eff",NA,"QMdBPF12_44739"
"toledo","forest","high","track_12","pitfall_1",2022,"2022_06_27","invertebrates","size_spectra",NA,2.00206368683399,"trophic_eff",NA,"QMdBT12PF1_44739"
"toledo","forest","high","track_12","pitfall_2",2022,"2022_06_27","invertebrates","size_spectra",NA,1.93262599066653,"trophic_eff",NA,"QMdBT12PF2_44739"
"toledo","forest","high","track_12","pitfall_3",2022,"2022_06_27","invertebrates","size_spectra",NA,2.26382517250523,"trophic_eff",NA,"QMdBT12PF3_44739"
"toledo","forest","high","track_14","pitfall_1",2022,"2022_06_27","invertebrates","size_spectra",NA,1.62074258322024,"trophic_eff",NA,"QMdBT14PF1_44739"
"toledo","forest","high","track_14","pitfall_2",2022,"2022_06_27","invertebrates","size_spectra",NA,1.99145134074123,"trophic_eff",NA,"QMdBT14PF2_44739"
"toledo","forest","high","track_14","pitfall_3",2022,"2022_06_27","invertebrates","size_spectra",NA,1.63599488987491,"trophic_eff",NA,"QMdBT14PF3_44739"
"toledo","scrub","control",NA,"pitfall_1",2022,"2022_06_27","invertebrates","size_spectra",NA,2.27857264388338,"trophic_eff",NA,"QMdCPF1_44739"
"toledo","scrub","control",NA,"pitfall_2",2022,"2022_06_27","invertebrates","size_spectra",NA,2.0381696040013,"trophic_eff",NA,"QMdCPF2_44739"
"toledo","scrub","control",NA,"pitfall_3",2022,"2022_06_27","invertebrates","size_spectra",NA,2.30550865934941,"trophic_eff",NA,"QMdCPF3_44739"
"toledo","scrub","control",NA,"pitfall_4",2022,"2022_06_27","invertebrates","size_spectra",NA,4.24379341350271,"trophic_eff",NA,"QMdCPF4_44739"
"toledo","scrub","control",NA,"pitfall_5",2022,"2022_06_27","invertebrates","size_spectra",NA,2.20445797191015,"trophic_eff",NA,"QMdCPF5_44739"
"toledo","scrub","control",NA,"pitfall_6",2022,"2022_06_27","invertebrates","size_spectra",NA,2.7795832927919,"trophic_eff",NA,"QMdCPF6_44739"
"toledo","scrub","control",NA,"pitfall_7",2022,"2022_06_27","invertebrates","size_spectra",NA,1.74212505065152,"trophic_eff",NA,"QMdCPF7_44739"
"toledo","scrub","control",NA,"pitfall_8",2022,"2022_06_27","invertebrates","size_spectra",NA,3.85730253232535,"trophic_eff",NA,"QMdCPF8_44739"
"toledo","scrub","control",NA,"pitfall_9",2022,"2022_06_27","invertebrates","size_spectra",NA,2.01286719497805,"trophic_eff",NA,"QMdCPF9_44739"
"toledo","scrub","control",NA,"pitfall_10",2022,"2022_06_27","invertebrates","size_spectra",NA,1.85816725022455,"trophic_eff",NA,"QMdCPF10_44739"
"toledo","scrub","control",NA,"pitfall_11",2022,"2022_06_27","invertebrates","size_spectra",NA,1.99607347398678,"trophic_eff",NA,"QMdCPF11_44739"
"toledo","scrub","control",NA,"pitfall_12",2022,"2022_06_27","invertebrates","size_spectra",NA,1.94566929843735,"trophic_eff",NA,"QMdCPF12_44739"
"toledo","forest","control","track_6","pitfall_1",2022,"2022_06_27","invertebrates","size_spectra",NA,1.99582542327997,"trophic_eff",NA,"QMdCT6PF1_44739"
"toledo","forest","control","track_6","pitfall_2",2022,"2022_06_27","invertebrates","size_spectra",NA,0.904450524715645,"trophic_eff",NA,"QMdCT6PF2_44739"
"toledo","forest","control","track_6","pitfall_3",2022,"2022_06_27","invertebrates","size_spectra",NA,2.19103246898621,"trophic_eff",NA,"QMdCT6PF3_44739"
"toledo","forest","control","track_8","pitfall_1",2022,"2022_06_27","invertebrates","size_spectra",NA,1.9951918233556,"trophic_eff",NA,"QMdCT8PF1_44739"
"toledo","forest","control","track_8","pitfall_2",2022,"2022_06_27","invertebrates","size_spectra",NA,1.89742286150765,"trophic_eff",NA,"QMdCT8PF2_44739"
"toledo","forest","control","track_8","pitfall_3",2022,"2022_06_27","invertebrates","size_spectra",NA,1.73079686607493,"trophic_eff",NA,"QMdCT8PF3_44739"
"valencia",NA,"hyper","track_1","pitfall_1",2022,"2022_06_28","invertebrates","size_spectra",NA,2.06886620737495,"trophic_eff",NA,"MCdAT1PF1_44740"
"valencia",NA,"hyper","track_1","pitfall_2",2022,"2022_06_28","invertebrates","size_spectra",NA,1.64093847695294,"trophic_eff",NA,"MCdAT1PF2_44740"
"valencia",NA,"hyper","track_1","pitfall_3",2022,"2022_06_28","invertebrates","size_spectra",NA,2.34063584408974,"trophic_eff",NA,"MCdAT1PF3_44740"
"valencia",NA,"hyper","track_2","pitfall_1",2022,"2022_06_28","invertebrates","size_spectra",NA,2.03716079205073,"trophic_eff",NA,"MCdAT2PF1_44740"
"valencia",NA,"hyper","track_2","pitfall_2",2022,"2022_06_28","invertebrates","size_spectra",NA,3.7373992917189,"trophic_eff",NA,"MCdAT2PF2_44740"
"valencia",NA,"hyper","track_2","pitfall_3",2022,"2022_06_28","invertebrates","size_spectra",NA,2.1953220876965,"trophic_eff",NA,"MCdAT2PF3_44740"
"valencia",NA,"hyper","track_3","pitfall_1",2022,"2022_06_28","invertebrates","size_spectra",NA,2.4710044273562,"trophic_eff",NA,"MCdAT3PF1_44740"
"valencia",NA,"hyper","track_3","pitfall_2",2022,"2022_06_28","invertebrates","size_spectra",NA,1.84861785054893,"trophic_eff",NA,"MCdAT3PF2_44740"
"valencia",NA,"hyper","track_3","pitfall_3",2022,"2022_06_28","invertebrates","size_spectra",NA,2.38053140432499,"trophic_eff",NA,"MCdAT3PF3_44740"
"valencia",NA,"hyper","track_4","pitfall_1",2022,"2022_06_28","invertebrates","size_spectra",NA,1.95736107027707,"trophic_eff",NA,"MCdAT4PF1_44740"
"valencia",NA,"hyper","track_4","pitfall_2",2022,"2022_06_28","invertebrates","size_spectra",NA,2.89227772959309,"trophic_eff",NA,"MCdAT4PF2_44740"
"valencia",NA,"hyper","track_4","pitfall_3",2022,"2022_06_28","invertebrates","size_spectra",NA,1.51783139540253,"trophic_eff",NA,"MCdAT4PF3_44740"
"valencia",NA,"control_hyper","track_1","pitfall_1",2022,"2022_06_28","invertebrates","size_spectra",NA,2.04880379407103,"trophic_eff",NA,"MCdACT1PF1_44740"
"valencia",NA,"control_hyper","track_1","pitfall_2",2022,"2022_06_28","invertebrates","size_spectra",NA,1.70948184055642,"trophic_eff",NA,"MCdACT1PF2_44740"
"valencia",NA,"control_hyper","track_1","pitfall_3",2022,"2022_06_28","invertebrates","size_spectra",NA,1.85054522601432,"trophic_eff",NA,"MCdACT1PF3_44740"
"valencia",NA,"control_hyper","track_2","pitfall_1",2022,"2022_06_28","invertebrates","size_spectra",NA,1.53875754933169,"trophic_eff",NA,"MCdACT2PF1_44740"
"valencia",NA,"control_hyper","track_2","pitfall_2",2022,"2022_06_28","invertebrates","size_spectra",NA,3.36979549874446,"trophic_eff",NA,"MCdACT2PF2_44740"
"valencia",NA,"control_hyper","track_2","pitfall_3",2022,"2022_06_28","invertebrates","size_spectra",NA,2.60428889019693,"trophic_eff",NA,"MCdACT2PF3_44740"
"valencia",NA,"control_hyper","track_3","pitfall_1",2022,"2022_06_28","invertebrates","size_spectra",NA,2.8541159884067,"trophic_eff",NA,"MCdACT3PF1_44740"
"valencia",NA,"control_hyper","track_3","pitfall_2",2022,"2022_06_28","invertebrates","size_spectra",NA,1.67127969968441,"trophic_eff",NA,"MCdACT3PF2_44740"
"valencia",NA,"control_hyper","track_3","pitfall_3",2022,"2022_06_28","invertebrates","size_spectra",NA,4.48727026700267,"trophic_eff",NA,"MCdACT3PF3_44740"
"valencia",NA,"control_hyper","track_4","pitfall_1",2022,"2022_06_28","invertebrates","size_spectra",NA,1.52571227149473,"trophic_eff",NA,"MCdACT4PF1_44740"
"valencia",NA,"control_hyper","track_4","pitfall_2",2022,"2022_06_28","invertebrates","size_spectra",NA,2.03726421816586,"trophic_eff",NA,"MCdACT4PF2_44740"
"valencia",NA,"control_hyper","track_4","pitfall_3",2022,"2022_06_28","invertebrates","size_spectra",NA,2.64333833039528,"trophic_eff",NA,"MCdACT4PF3_44740"
"valencia",NA,"high","track_1","pitfall_1",2022,"2022_06_28","invertebrates","size_spectra",NA,2.43571314113717,"trophic_eff",NA,"MCdBT1PF1_44740"
"valencia",NA,"high","track_1","pitfall_2",2022,"2022_06_28","invertebrates","size_spectra",NA,2.31168655269372,"trophic_eff",NA,"MCdBT1PF2_44740"
"valencia",NA,"high","track_1","pitfall_3",2022,"2022_06_28","invertebrates","size_spectra",NA,1.62206331842615,"trophic_eff",NA,"MCdBT1PF3_44740"
"valencia",NA,"high","track_2","pitfall_1",2022,"2022_06_28","invertebrates","size_spectra",NA,2.88415612530533,"trophic_eff",NA,"MCdBT2PF1_44740"
"valencia",NA,"high","track_2","pitfall_2",2022,"2022_06_28","invertebrates","size_spectra",NA,1.55942515843485,"trophic_eff",NA,"MCdBT2PF2_44740"
"valencia",NA,"high","track_2","pitfall_3",2022,"2022_06_28","invertebrates","size_spectra",NA,1.72775025536251,"trophic_eff",NA,"MCdBT2PF3_44740"
"valencia",NA,"high","track_3","pitfall_1",2022,"2022_06_28","invertebrates","size_spectra",NA,1.91339875525209,"trophic_eff",NA,"MCdBT3PF1_44740"
"valencia",NA,"high","track_3","pitfall_2",2022,"2022_06_28","invertebrates","size_spectra",NA,3.16163683323198,"trophic_eff",NA,"MCdBT3PF2_44740"
"valencia",NA,"high","track_3","pitfall_3",2022,"2022_06_28","invertebrates","size_spectra",NA,1.73577548014416,"trophic_eff",NA,"MCdBT3PF3_44740"
"valencia",NA,"high","track_4","pitfall_1",2022,"2022_06_28","invertebrates","size_spectra",NA,2.09466897461785,"trophic_eff",NA,"MCdBT4PF1_44740"
"valencia",NA,"high","track_4","pitfall_2",2022,"2022_06_28","invertebrates","size_spectra",NA,1.74576835388019,"trophic_eff",NA,"MCdBT4PF2_44740"
"valencia",NA,"high","track_4","pitfall_3",2022,"2022_06_28","invertebrates","size_spectra",NA,2.52803021306536,"trophic_eff",NA,"MCdBT4PF3_44740"
"valencia",NA,"control_high","track_1","pitfall_1",2022,"2022_06_28","invertebrates","size_spectra",NA,3.97615720163861,"trophic_eff",NA,"MCdBCT1PF1_44740"
"valencia",NA,"control_high","track_1","pitfall_2",2022,"2022_06_28","invertebrates","size_spectra",NA,2.08053979764451,"trophic_eff",NA,"MCdBCT1PF2_44740"
"valencia",NA,"control_high","track_1","pitfall_3",2022,"2022_06_28","invertebrates","size_spectra",NA,1.97912538390658,"trophic_eff",NA,"MCdBCT1PF3_44740"
"valencia",NA,"control_high","track_2","pitfall_1",2022,"2022_06_28","invertebrates","size_spectra",NA,1.26504029957342,"trophic_eff",NA,"MCdBCT2PF1_44740"
"valencia",NA,"control_high","track_2","pitfall_2",2022,"2022_06_28","invertebrates","size_spectra",NA,1.72211977431106,"trophic_eff",NA,"MCdBCT2PF2_44740"
"valencia",NA,"control_high","track_2","pitfall_3",2022,"2022_06_28","invertebrates","size_spectra",NA,1.58411686695957,"trophic_eff",NA,"MCdBCT2PF3_44740"
"valencia",NA,"control_high","track_3","pitfall_1",2022,"2022_06_28","invertebrates","size_spectra",NA,1.50994649478448,"trophic_eff",NA,"MCdBCT3PF1_44740"
"valencia",NA,"control_high","track_3","pitfall_2",2022,"2022_06_28","invertebrates","size_spectra",NA,2.15850460404934,"trophic_eff",NA,"MCdBCT3PF2_44740"
"valencia",NA,"control_high","track_3","pitfall_3",2022,"2022_06_28","invertebrates","size_spectra",NA,2.13019130047611,"trophic_eff",NA,"MCdBCT3PF3_44740"
"valencia",NA,"control_high","track_4","pitfall_1",2022,"2022_06_28","invertebrates","size_spectra",NA,1.64661177409228,"trophic_eff",NA,"MCdBCT4PF1_44740"
"valencia",NA,"control_high","track_4","pitfall_2",2022,"2022_06_28","invertebrates","size_spectra",NA,2.33443335740579,"trophic_eff",NA,"MCdBCT4PF2_44740"
"valencia",NA,"control_high","track_4","pitfall_3",2022,"2022_06_28","invertebrates","size_spectra",NA,1.35851750924039,"trophic_eff",NA,"MCdBCT4PF3_44740"
