"site","habitat","treatment","plot","sampling_unit","year","date","variable_type","variable_name","level","valor","units","comments","author_code"
"toledo",NA,"control",NA,NA,2021,NA,"Quercus_ilex","clorofila","new_leave",28.314,NA,NA,"422QI"
"toledo",NA,"control",NA,NA,2021,NA,"Quercus_ilex","antocianina","new_leave",0.213,NA,NA,"422QI"
"toledo",NA,"control",NA,NA,2021,NA,"Quercus_ilex","clorofila","new_leave",39.921,NA,NA,"423QI"
"toledo",NA,"control",NA,NA,2021,NA,"Quercus_ilex","antocianina","new_leave",0.155,NA,NA,"423QI"
"toledo",NA,"control",NA,NA,2021,NA,"Quercus_ilex","clorofila","new_leave",39.548,NA,NA,"431QI"
"toledo",NA,"control",NA,NA,2021,NA,"Quercus_ilex","antocianina","new_leave",0.172,NA,NA,"431QI"
"toledo",NA,"control",NA,NA,2021,NA,"Quercus_ilex","clorofila","new_leave",41.606,NA,NA,"425QI"
"toledo",NA,"control",NA,NA,2021,NA,"Quercus_ilex","antocianina","new_leave",0.125,NA,NA,"425QI"
"toledo",NA,"control",NA,NA,2021,NA,"Quercus_ilex","clorofila","new_leave",32.363,NA,NA,"424QI"
"toledo",NA,"control",NA,NA,2021,NA,"Quercus_ilex","antocianina","new_leave",0.189,NA,NA,"424QI"
"toledo",NA,"control",NA,NA,2021,NA,"Quercus_ilex","clorofila","new_leave",36.131,NA,NA,"419QI"
"toledo",NA,"control",NA,NA,2021,NA,"Quercus_ilex","antocianina","new_leave",0.195,NA,NA,"419QI"
"toledo",NA,"control",NA,NA,2021,NA,"Quercus_ilex","clorofila","new_leave",40.533,NA,NA,"426QI"
"toledo",NA,"control",NA,NA,2021,NA,"Quercus_ilex","antocianina","new_leave",0.185,NA,NA,"426QI"
"toledo",NA,"control",NA,NA,2021,NA,"Quercus_ilex","clorofila","new_leave",40.506,NA,NA,"342QI"
"toledo",NA,"control",NA,NA,2021,NA,"Quercus_ilex","antocianina","new_leave",0.155,NA,NA,"342QI"
"toledo",NA,"control",NA,NA,2021,NA,"Quercus_ilex","clorofila","new_leave",27.368,NA,NA,"341QI"
"toledo",NA,"control",NA,NA,2021,NA,"Quercus_ilex","antocianina","new_leave",0.237,NA,NA,"341QI"
"toledo",NA,"control",NA,NA,2021,NA,"Quercus_ilex","clorofila","new_leave",48.998,NA,NA,"240QI"
"toledo",NA,"control",NA,NA,2021,NA,"Quercus_ilex","antocianina","new_leave",0.141,NA,NA,"240QI"
"toledo",NA,"control",NA,NA,2021,NA,"Quercus_ilex","clorofila","new_leave",45.493,NA,NA,"429QI"
"toledo",NA,"control",NA,NA,2021,NA,"Quercus_ilex","antocianina","new_leave",0.141,NA,NA,"429QI"
"toledo",NA,"control",NA,NA,2021,NA,"Quercus_ilex","clorofila","new_leave",34.577,NA,NA,"267QI"
"toledo",NA,"control",NA,NA,2021,NA,"Quercus_ilex","antocianina","new_leave",0.176,NA,NA,"267QI"
"toledo",NA,"control",NA,NA,2021,NA,"Quercus_ilex","clorofila","new_leave",32.076,NA,NA,"360QI"
"toledo",NA,"control",NA,NA,2021,NA,"Quercus_ilex","antocianina","new_leave",0.188,NA,NA,"360QI"
"toledo",NA,"control",NA,NA,2021,NA,"Quercus_ilex","clorofila","new_leave",28.856,NA,NA,"427QI"
"toledo",NA,"control",NA,NA,2021,NA,"Quercus_ilex","antocianina","new_leave",0.181,NA,NA,"427QI"
"toledo",NA,"control",NA,NA,2021,NA,"Quercus_ilex","clorofila","new_leave",39.6,NA,NA,"417QI"
"toledo",NA,"control",NA,NA,2021,NA,"Quercus_ilex","antocianina","new_leave",0.181,NA,NA,"417QI"
"toledo",NA,"control",NA,NA,2021,NA,"Quercus_ilex","clorofila","new_leave",29.644,NA,NA,"428QI"
"toledo",NA,"control",NA,NA,2021,NA,"Quercus_ilex","antocianina","new_leave",0.244,NA,NA,"428QI"
"toledo",NA,"control",NA,NA,2021,NA,"Quercus_ilex","clorofila","new_leave",30.775,NA,NA,"430QI"
"toledo",NA,"control",NA,NA,2021,NA,"Quercus_ilex","antocianina","new_leave",0.223,NA,NA,"430QI"
"toledo",NA,"hyper",NA,NA,2021,NA,"Quercus_ilex","clorofila","new_leave",21.293,NA,NA,"153QI"
"toledo",NA,"hyper",NA,NA,2021,NA,"Quercus_ilex","antocianina","new_leave",0.275,NA,NA,"153QI"
"toledo",NA,"hyper",NA,NA,2021,NA,"Quercus_ilex","clorofila","new_leave",35.853,NA,NA,"159QI"
"toledo",NA,"hyper",NA,NA,2021,NA,"Quercus_ilex","antocianina","new_leave",0.236,NA,NA,"159QI"
"toledo",NA,"hyper",NA,NA,2021,NA,"Quercus_ilex","clorofila","new_leave",24.595,NA,NA,"156QI"
"toledo",NA,"hyper",NA,NA,2021,NA,"Quercus_ilex","antocianina","new_leave",0.235,NA,NA,"156QI"
"toledo",NA,"hyper",NA,NA,2021,NA,"Quercus_ilex","clorofila","new_leave",41.965,NA,NA,"129QI"
"toledo",NA,"hyper",NA,NA,2021,NA,"Quercus_ilex","antocianina","new_leave",0.21,NA,NA,"129QI"
"toledo",NA,"hyper",NA,NA,2021,NA,"Quercus_ilex","clorofila","new_leave",27.909,NA,NA,"97QI"
"toledo",NA,"hyper",NA,NA,2021,NA,"Quercus_ilex","antocianina","new_leave",0.233,NA,NA,"97QI"
"toledo",NA,"hyper",NA,NA,2021,NA,"Quercus_ilex","clorofila","new_leave",26.372,NA,NA,"103QI"
"toledo",NA,"hyper",NA,NA,2021,NA,"Quercus_ilex","antocianina","new_leave",0.271,NA,NA,"103QI"
"toledo",NA,"control",NA,NA,2021,NA,"Quercus_ilex","clorofila","new_leave",38.755,NA,NA,"418QI"
"toledo",NA,"control",NA,NA,2021,NA,"Quercus_ilex","antocianina","new_leave",0.194,NA,NA,"418QI"
"toledo",NA,"hyper",NA,NA,2021,NA,"Quercus_ilex","clorofila","new_leave",23.028,NA,NA,"39QI"
"toledo",NA,"hyper",NA,NA,2021,NA,"Quercus_ilex","antocianina","new_leave",0.394,NA,NA,"39QI"
"toledo",NA,"hyper",NA,NA,2021,NA,"Quercus_ilex","clorofila","new_leave",26.607,NA,NA,"37QI"
"toledo",NA,"hyper",NA,NA,2021,NA,"Quercus_ilex","antocianina","new_leave",0.279,NA,NA,"37QI"
"toledo",NA,"hyper",NA,NA,2021,NA,"Quercus_ilex","clorofila","new_leave",41.679,NA,NA,"65QI"
"toledo",NA,"hyper",NA,NA,2021,NA,"Quercus_ilex","antocianina","new_leave",0.18,NA,NA,"65QI"
"toledo",NA,"hyper",NA,NA,2021,NA,"Quercus_ilex","clorofila","new_leave",33.211,NA,NA,"67QI"
"toledo",NA,"hyper",NA,NA,2021,NA,"Quercus_ilex","antocianina","new_leave",0.208,NA,NA,"67QI"
"toledo",NA,"hyper",NA,NA,2021,NA,"Quercus_ilex","clorofila","new_leave",30.327,NA,NA,"76QI"
"toledo",NA,"hyper",NA,NA,2021,NA,"Quercus_ilex","antocianina","new_leave",0.234,NA,NA,"76QI"
"toledo",NA,"hyper",NA,NA,2021,NA,"Quercus_ilex","clorofila","new_leave",19.764,NA,NA,"82QI"
"toledo",NA,"hyper",NA,NA,2021,NA,"Quercus_ilex","antocianina","new_leave",0.246,NA,NA,"82QI"
"toledo",NA,"hyper",NA,NA,2021,NA,"Quercus_ilex","clorofila","new_leave",35.282,NA,NA,"142QI"
"toledo",NA,"hyper",NA,NA,2021,NA,"Quercus_ilex","antocianina","new_leave",0.213,NA,NA,"142QI"
"toledo",NA,"hyper",NA,NA,2021,NA,"Quercus_ilex","clorofila","new_leave",20.698,NA,NA,"148QI"
"toledo",NA,"hyper",NA,NA,2021,NA,"Quercus_ilex","antocianina","new_leave",0.333,NA,NA,"148QI"
"toledo",NA,"hyper",NA,NA,2021,NA,"Quercus_ilex","clorofila","new_leave",41.648,NA,NA,"155QI"
"toledo",NA,"hyper",NA,NA,2021,NA,"Quercus_ilex","antocianina","new_leave",0.186,NA,NA,"155QI"
"toledo",NA,"control",NA,NA,2021,NA,"Quercus_ilex","clorofila","new_leave",45.2,NA,NA,"421QI"
"toledo",NA,"control",NA,NA,2021,NA,"Quercus_ilex","antocianina","new_leave",0.173,NA,NA,"421QI"
"toledo",NA,"hyper",NA,NA,2021,NA,"Quercus_ilex","clorofila","new_leave",42.65,NA,NA,"154QI"
"toledo",NA,"hyper",NA,NA,2021,NA,"Quercus_ilex","antocianina","new_leave",0.157,NA,NA,"154QI"
"toledo",NA,"hyper",NA,NA,2021,NA,"Quercus_ilex","clorofila","new_leave",38.558,NA,NA,"160QI"
"toledo",NA,"hyper",NA,NA,2021,NA,"Quercus_ilex","antocianina","new_leave",0.272,NA,NA,"160QI"
"toledo",NA,"hyper",NA,NA,2021,NA,"Quercus_ilex","clorofila","new_leave",41.553,NA,NA,"161QI"
"toledo",NA,"hyper",NA,NA,2021,NA,"Quercus_ilex","antocianina","new_leave",0.167,NA,NA,"161QI"
"toledo",NA,"hyper",NA,NA,2021,NA,"Quercus_ilex","clorofila","new_leave",33.996,NA,NA,"157QI"
"toledo",NA,"hyper",NA,NA,2021,NA,"Quercus_ilex","antocianina","new_leave",0.238,NA,NA,"157QI"
"toledo",NA,"high",NA,NA,2021,NA,"Quercus_ilex","clorofila","new_leave",37.419,NA,NA,"196QI"
"toledo",NA,"high",NA,NA,2021,NA,"Quercus_ilex","antocianina","new_leave",0.199,NA,NA,"196QI"
"toledo",NA,"high",NA,NA,2021,NA,"Quercus_ilex","clorofila","new_leave",37.142,NA,NA,"195QI"
"toledo",NA,"high",NA,NA,2021,NA,"Quercus_ilex","antocianina","new_leave",0.174,NA,NA,"195QI"
"toledo",NA,"high",NA,NA,2021,NA,"Quercus_ilex","clorofila","new_leave",36.338,NA,NA,"192QI"
"toledo",NA,"high",NA,NA,2021,NA,"Quercus_ilex","antocianina","new_leave",0.189,NA,NA,"192QI"
"toledo",NA,"high",NA,NA,2021,NA,"Quercus_ilex","clorofila","new_leave",39.019,NA,NA,"191QI"
"toledo",NA,"high",NA,NA,2021,NA,"Quercus_ilex","antocianina","new_leave",0.176,NA,NA,"191QI"
"toledo",NA,"high",NA,NA,2021,NA,"Quercus_ilex","clorofila","new_leave",36.655,NA,NA,"187QI"
"toledo",NA,"high",NA,NA,2021,NA,"Quercus_ilex","antocianina","new_leave",0.193,NA,NA,"187QI"
"toledo",NA,"high",NA,NA,2021,NA,"Quercus_ilex","clorofila","new_leave",44.468,NA,NA,"197QI"
"toledo",NA,"high",NA,NA,2021,NA,"Quercus_ilex","antocianina","new_leave",0.211,NA,NA,"197QI"
"toledo",NA,"high",NA,NA,2021,NA,"Quercus_ilex","clorofila","new_leave",35.909,NA,NA,"190QI"
"toledo",NA,"high",NA,NA,2021,NA,"Quercus_ilex","antocianina","new_leave",0.191,NA,NA,"190QI"
"toledo",NA,"high",NA,NA,2021,NA,"Quercus_ilex","clorofila","new_leave",49.46,NA,NA,"189QI"
"toledo",NA,"high",NA,NA,2021,NA,"Quercus_ilex","antocianina","new_leave",0.16,NA,NA,"189QI"
"toledo",NA,"high",NA,NA,2021,NA,"Quercus_ilex","clorofila","new_leave",40.965,NA,NA,"182QI"
"toledo",NA,"high",NA,NA,2021,NA,"Quercus_ilex","antocianina","new_leave",0.183,NA,NA,"182QI"
"toledo",NA,"high",NA,NA,2021,NA,"Quercus_ilex","clorofila","new_leave",30.451,NA,NA,"175QI"
"toledo",NA,"high",NA,NA,2021,NA,"Quercus_ilex","antocianina","new_leave",0.23,NA,NA,"175QI"
"toledo",NA,"high",NA,NA,2021,NA,"Quercus_ilex","clorofila","new_leave",29.847,NA,NA,"177QI"
"toledo",NA,"high",NA,NA,2021,NA,"Quercus_ilex","antocianina","new_leave",0.24,NA,NA,"177QI"
"toledo",NA,"high",NA,NA,2021,NA,"Quercus_ilex","clorofila","new_leave",30.82,NA,NA,"178QI"
"toledo",NA,"high",NA,NA,2021,NA,"Quercus_ilex","antocianina","new_leave",0.265,NA,NA,"178QI"
"toledo",NA,"high",NA,NA,2021,NA,"Quercus_ilex","clorofila","new_leave",37.923,NA,NA,"179QI"
"toledo",NA,"high",NA,NA,2021,NA,"Quercus_ilex","antocianina","new_leave",0.183,NA,NA,"179QI"
"toledo",NA,"high",NA,NA,2021,NA,"Quercus_ilex","clorofila","new_leave",28.674,NA,NA,"171QI"
"toledo",NA,"high",NA,NA,2021,NA,"Quercus_ilex","antocianina","new_leave",0.262,NA,NA,"171QI"
"toledo",NA,"high",NA,NA,2021,NA,"Quercus_ilex","clorofila","new_leave",27.655,NA,NA,"168QI"
"toledo",NA,"high",NA,NA,2021,NA,"Quercus_ilex","antocianina","new_leave",0.243,NA,NA,"168QI"
"toledo",NA,"high",NA,NA,2021,NA,"Quercus_ilex","clorofila","new_leave",26.055,NA,NA,"166QI"
"toledo",NA,"high",NA,NA,2021,NA,"Quercus_ilex","antocianina","new_leave",0.261,NA,NA,"166QI"
"toledo",NA,"high",NA,NA,2021,NA,"Quercus_ilex","clorofila","new_leave",36.399,NA,NA,"198QI"
"toledo",NA,"high",NA,NA,2021,NA,"Quercus_ilex","antocianina","new_leave",0.202,NA,NA,"198QI"
"toledo",NA,"high",NA,NA,2021,NA,"Quercus_ilex","clorofila","new_leave",49.708,NA,NA,"193QI"
"toledo",NA,"high",NA,NA,2021,NA,"Quercus_ilex","antocianina","new_leave",0.157,NA,NA,"193QI"
"toledo",NA,"high",NA,NA,2021,NA,"Quercus_ilex","clorofila","new_leave",29.251,NA,NA,"194QI"
"toledo",NA,"high",NA,NA,2021,NA,"Quercus_ilex","antocianina","new_leave",0.231,NA,NA,"194QI"
"toledo",NA,"hyper",NA,NA,2022,NA,"Quercus_ilex","clorofila","new_leave",15.118,NA,NA,"129QI"
"toledo",NA,"hyper",NA,NA,2022,NA,"Quercus_ilex","antocianina","new_leave",0.691,NA,NA,"129QI"
"toledo",NA,"hyper",NA,NA,2022,NA,"Quercus_ilex","clorofila","new_leave",19.84,NA,NA,"142QI"
"toledo",NA,"hyper",NA,NA,2022,NA,"Quercus_ilex","antocianina","new_leave",0.354,NA,NA,"142QI"
"toledo",NA,"hyper",NA,NA,2022,NA,"Quercus_ilex","clorofila","new_leave",13.728,NA,NA,"148QI"
"toledo",NA,"hyper",NA,NA,2022,NA,"Quercus_ilex","antocianina","new_leave",0.557,NA,NA,"148QI"
"toledo",NA,"hyper",NA,NA,2022,NA,"Quercus_ilex","clorofila","new_leave",15.135,NA,NA,"97QI"
"toledo",NA,"hyper",NA,NA,2022,NA,"Quercus_ilex","antocianina","new_leave",0.351,NA,NA,"97QI"
"toledo",NA,"hyper",NA,NA,2022,NA,"Quercus_ilex","clorofila","new_leave",18.427,NA,NA,"103QI"
"toledo",NA,"hyper",NA,NA,2022,NA,"Quercus_ilex","antocianina","new_leave",0.546,NA,NA,"103QI"
"toledo",NA,"high",NA,NA,2022,NA,"Quercus_ilex","clorofila","new_leave",17.167,NA,NA,"178QI"
"toledo",NA,"high",NA,NA,2022,NA,"Quercus_ilex","antocianina","new_leave",0.527,NA,NA,"178QI"
"toledo",NA,"high",NA,NA,2022,NA,"Quercus_ilex","clorofila","new_leave",17.267,NA,NA,"179QI"
"toledo",NA,"high",NA,NA,2022,NA,"Quercus_ilex","antocianina","new_leave",0.317,NA,NA,"179QI"
"toledo",NA,"high",NA,NA,2022,NA,"Quercus_ilex","clorofila","new_leave",19.301,NA,NA,"177QI"
"toledo",NA,"high",NA,NA,2022,NA,"Quercus_ilex","antocianina","new_leave",0.401,NA,NA,"177QI"
"toledo",NA,"high",NA,NA,2022,NA,"Quercus_ilex","clorofila","new_leave",17.426,NA,NA,"175QI"
"toledo",NA,"high",NA,NA,2022,NA,"Quercus_ilex","antocianina","new_leave",0.781,NA,NA,"175QI"
"toledo",NA,"high",NA,NA,2022,NA,"Quercus_ilex","clorofila","new_leave",14.083,NA,NA,"182QI"
"toledo",NA,"high",NA,NA,2022,NA,"Quercus_ilex","antocianina","new_leave",0.45,NA,NA,"182QI"
"toledo",NA,"high",NA,NA,2022,NA,"Quercus_ilex","clorofila","new_leave",17.507,NA,NA,"187QI"
"toledo",NA,"high",NA,NA,2022,NA,"Quercus_ilex","antocianina","new_leave",0.354,NA,NA,"187QI"
"toledo",NA,"high",NA,NA,2022,NA,"Quercus_ilex","clorofila","new_leave",18.065,NA,NA,"190QI"
"toledo",NA,"high",NA,NA,2022,NA,"Quercus_ilex","antocianina","new_leave",0.355,NA,NA,"190QI"
"toledo",NA,"high",NA,NA,2022,NA,"Quercus_ilex","clorofila","new_leave",14.15,NA,NA,"189QI"
"toledo",NA,"high",NA,NA,2022,NA,"Quercus_ilex","antocianina","new_leave",0.521,NA,NA,"189QI"
"toledo",NA,"high",NA,NA,2022,NA,"Quercus_ilex","clorofila","new_leave",12.769,NA,NA,"171QI"
"toledo",NA,"high",NA,NA,2022,NA,"Quercus_ilex","antocianina","new_leave",0.713,NA,NA,"171QI"
"toledo",NA,"high",NA,NA,2022,NA,"Quercus_ilex","clorofila","new_leave",15.706,NA,NA,"166QI"
"toledo",NA,"high",NA,NA,2022,NA,"Quercus_ilex","antocianina","new_leave",0.452,NA,NA,"166QI"
"toledo",NA,"high",NA,NA,2022,NA,"Quercus_ilex","clorofila","new_leave",13.186,NA,NA,"168QI"
"toledo",NA,"high",NA,NA,2022,NA,"Quercus_ilex","antocianina","new_leave",0.556,NA,NA,"168QI"
"toledo",NA,"hyper",NA,NA,2022,NA,"Quercus_ilex","clorofila","new_leave",13.8,NA,NA,"161QI"
"toledo",NA,"hyper",NA,NA,2022,NA,"Quercus_ilex","antocianina","new_leave",0.393,NA,NA,"161QI"
"toledo",NA,"hyper",NA,NA,2022,NA,"Quercus_ilex","clorofila","new_leave",12.555,NA,NA,"160QI"
"toledo",NA,"hyper",NA,NA,2022,NA,"Quercus_ilex","antocianina","new_leave",0.592,NA,NA,"160QI"
"toledo",NA,"hyper",NA,NA,2022,NA,"Quercus_ilex","clorofila","new_leave",14.1,NA,NA,"159QI"
"toledo",NA,"hyper",NA,NA,2022,NA,"Quercus_ilex","antocianina","new_leave",0.514,NA,NA,"159QI"
"toledo",NA,"hyper",NA,NA,2022,NA,"Quercus_ilex","clorofila","new_leave",18.435,NA,NA,"157QI"
"toledo",NA,"hyper",NA,NA,2022,NA,"Quercus_ilex","antocianina","new_leave",0.595,NA,NA,"157QI"
"toledo",NA,"hyper",NA,NA,2022,NA,"Quercus_ilex","clorofila","new_leave",16.716,NA,NA,"156QI"
"toledo",NA,"hyper",NA,NA,2022,NA,"Quercus_ilex","antocianina","new_leave",0.31,NA,NA,"156QI"
"toledo",NA,"hyper",NA,NA,2022,NA,"Quercus_ilex","clorofila","new_leave",15.024,NA,NA,"155QI"
"toledo",NA,"hyper",NA,NA,2022,NA,"Quercus_ilex","antocianina","new_leave",0.68,NA,NA,"155QI"
"toledo",NA,"hyper",NA,NA,2022,NA,"Quercus_ilex","clorofila","new_leave",12.892,NA,NA,"154QI"
"toledo",NA,"hyper",NA,NA,2022,NA,"Quercus_ilex","antocianina","new_leave",0.462,NA,NA,"154QI"
"toledo",NA,"hyper",NA,NA,2022,NA,"Quercus_ilex","clorofila","new_leave",14.113,NA,NA,"153QI"
"toledo",NA,"hyper",NA,NA,2022,NA,"Quercus_ilex","antocianina","new_leave",0.453,NA,NA,"153QI"
"toledo",NA,"hyper",NA,NA,2022,NA,"Quercus_ilex","clorofila","new_leave",17.237,NA,NA,"76QI"
"toledo",NA,"hyper",NA,NA,2022,NA,"Quercus_ilex","antocianina","new_leave",0.324,NA,NA,"76QI"
"toledo",NA,"hyper",NA,NA,2022,NA,"Quercus_ilex","clorofila","new_leave",8.112,NA,NA,"39QI"
"toledo",NA,"hyper",NA,NA,2022,NA,"Quercus_ilex","antocianina","new_leave",0.759,NA,NA,"39QI"
"toledo",NA,"hyper",NA,NA,2022,NA,"Quercus_ilex","clorofila","new_leave",15.092,NA,NA,"37QI"
"toledo",NA,"hyper",NA,NA,2022,NA,"Quercus_ilex","antocianina","new_leave",0.552,NA,NA,"37QI"
"toledo",NA,"hyper",NA,NA,2022,NA,"Quercus_ilex","clorofila","new_leave",12.152,NA,NA,"65QI"
"toledo",NA,"hyper",NA,NA,2022,NA,"Quercus_ilex","antocianina","new_leave",0.424,NA,NA,"65QI"
"toledo",NA,"hyper",NA,NA,2022,NA,"Quercus_ilex","clorofila","new_leave",19.221,NA,NA,"67QI"
"toledo",NA,"hyper",NA,NA,2022,NA,"Quercus_ilex","antocianina","new_leave",0.276,NA,NA,"67QI"
"toledo",NA,"hyper",NA,NA,2022,NA,"Quercus_ilex","clorofila","new_leave",14.217,NA,NA,"82QI"
"toledo",NA,"hyper",NA,NA,2022,NA,"Quercus_ilex","antocianina","new_leave",0.463,NA,NA,"82QI"
"toledo",NA,"control",NA,NA,2022,NA,"Quercus_ilex","clorofila","new_leave",16.656,NA,NA,"430QI"
"toledo",NA,"control",NA,NA,2022,NA,"Quercus_ilex","antocianina","new_leave",0.397,NA,NA,"430QI"
"toledo",NA,"high",NA,NA,2022,NA,"Quercus_ilex","clorofila","new_leave",12.11,NA,NA,"198QI"
"toledo",NA,"high",NA,NA,2022,NA,"Quercus_ilex","antocianina","new_leave",0.584,NA,NA,"198QI"
"toledo",NA,"control",NA,NA,2022,NA,"Quercus_ilex","clorofila","new_leave",16.002,NA,NA,"418QI"
"toledo",NA,"control",NA,NA,2022,NA,"Quercus_ilex","antocianina","new_leave",0.495,NA,NA,"418QI"
"toledo",NA,"control",NA,NA,2022,NA,"Quercus_ilex","clorofila","new_leave",22.138,NA,NA,"422QI"
"toledo",NA,"control",NA,NA,2022,NA,"Quercus_ilex","antocianina","new_leave",0.314,NA,NA,"422QI"
"toledo",NA,"control",NA,NA,2022,NA,"Quercus_ilex","clorofila","new_leave",37.466,NA,NA,"421QI"
"toledo",NA,"control",NA,NA,2022,NA,"Quercus_ilex","antocianina","new_leave",0.255,NA,NA,"421QI"
"toledo",NA,"control",NA,NA,2022,NA,"Quercus_ilex","clorofila","new_leave",28.655,NA,NA,"429QI"
"toledo",NA,"control",NA,NA,2022,NA,"Quercus_ilex","antocianina","new_leave",0.239,NA,NA,"429QI"
"toledo",NA,"control",NA,NA,2022,NA,"Quercus_ilex","clorofila","new_leave",22.332,NA,NA,"431QI"
"toledo",NA,"control",NA,NA,2022,NA,"Quercus_ilex","antocianina","new_leave",0.475,NA,NA,"431QI"
"toledo",NA,"control",NA,NA,2022,NA,"Quercus_ilex","clorofila","new_leave",23.989,NA,NA,"423QI"
"toledo",NA,"control",NA,NA,2022,NA,"Quercus_ilex","antocianina","new_leave",0.289,NA,NA,"423QI"
"toledo",NA,"control",NA,NA,2022,NA,"Quercus_ilex","clorofila","new_leave",20.837,NA,NA,"425QI"
"toledo",NA,"control",NA,NA,2022,NA,"Quercus_ilex","antocianina","new_leave",0.399,NA,NA,"425QI"
"toledo",NA,"control",NA,NA,2022,NA,"Quercus_ilex","clorofila","new_leave",28.461,NA,NA,"424QI"
"toledo",NA,"control",NA,NA,2022,NA,"Quercus_ilex","antocianina","new_leave",0.27,NA,NA,"424QI"
"toledo",NA,"control",NA,NA,2022,NA,"Quercus_ilex","clorofila","new_leave",32.023,NA,NA,"426QI"
"toledo",NA,"control",NA,NA,2022,NA,"Quercus_ilex","antocianina","new_leave",0.326,NA,NA,"426QI"
"toledo",NA,"control",NA,NA,2022,NA,"Quercus_ilex","clorofila","new_leave",39.984,NA,NA,"267QI"
"toledo",NA,"control",NA,NA,2022,NA,"Quercus_ilex","antocianina","new_leave",0.246,NA,NA,"267QI"
"toledo",NA,"control",NA,NA,2022,NA,"Quercus_ilex","clorofila","new_leave",17.175,NA,NA,"428QI"
"toledo",NA,"control",NA,NA,2022,NA,"Quercus_ilex","antocianina","new_leave",0.548,NA,NA,"428QI"
"toledo",NA,"control",NA,NA,2022,NA,"Quercus_ilex","clorofila","new_leave",33.331,NA,NA,"360QI"
"toledo",NA,"control",NA,NA,2022,NA,"Quercus_ilex","antocianina","new_leave",0.278,NA,NA,"360QI"
"toledo",NA,"control",NA,NA,2022,NA,"Quercus_ilex","clorofila","new_leave",24.232,NA,NA,"419QI"
"toledo",NA,"control",NA,NA,2022,NA,"Quercus_ilex","antocianina","new_leave",0.344,NA,NA,"419QI"
"toledo",NA,"control",NA,NA,2022,NA,"Quercus_ilex","clorofila","new_leave",21.486,NA,NA,"342QI"
"toledo",NA,"control",NA,NA,2022,NA,"Quercus_ilex","antocianina","new_leave",0.35,NA,NA,"342QI"
"toledo",NA,"control",NA,NA,2022,NA,"Quercus_ilex","clorofila","new_leave",25.285,NA,NA,"341QI"
"toledo",NA,"control",NA,NA,2022,NA,"Quercus_ilex","antocianina","new_leave",0.288,NA,NA,"341QI"
"toledo",NA,"control",NA,NA,2022,NA,"Quercus_ilex","clorofila","new_leave",28.959,NA,NA,"427QI"
"toledo",NA,"control",NA,NA,2022,NA,"Quercus_ilex","antocianina","new_leave",0.252,NA,NA,"427QI"
"toledo",NA,"control",NA,NA,2022,NA,"Quercus_ilex","clorofila","new_leave",36.289,NA,NA,"240QI"
"toledo",NA,"control",NA,NA,2022,NA,"Quercus_ilex","antocianina","new_leave",0.215,NA,NA,"240QI"
"toledo",NA,"control",NA,NA,2022,NA,"Quercus_ilex","clorofila","new_leave",26.867,NA,NA,"417QI"
"toledo",NA,"control",NA,NA,2022,NA,"Quercus_ilex","antocianina","new_leave",0.271,NA,NA,"417QI"
"toledo",NA,"high",NA,NA,2022,NA,"Quercus_ilex","clorofila","new_leave",17.768,NA,NA,"196QI"
"toledo",NA,"high",NA,NA,2022,NA,"Quercus_ilex","antocianina","new_leave",0.411,NA,NA,"196QI"
"toledo",NA,"high",NA,NA,2022,NA,"Quercus_ilex","clorofila","new_leave",12.326,NA,NA,"195QI"
"toledo",NA,"high",NA,NA,2022,NA,"Quercus_ilex","antocianina","new_leave",0.694,NA,NA,"195QI"
"toledo",NA,"high",NA,NA,2022,NA,"Quercus_ilex","clorofila","new_leave",24.677,NA,NA,"193QI"
"toledo",NA,"high",NA,NA,2022,NA,"Quercus_ilex","antocianina","new_leave",0.484,NA,NA,"193QI"
"toledo",NA,"high",NA,NA,2022,NA,"Quercus_ilex","clorofila","new_leave",13.7,NA,NA,"194QI"
"toledo",NA,"high",NA,NA,2022,NA,"Quercus_ilex","antocianina","new_leave",0.402,NA,NA,"194QI"
"toledo",NA,"high",NA,NA,2022,NA,"Quercus_ilex","clorofila","new_leave",10.439,NA,NA,"191QI"
"toledo",NA,"high",NA,NA,2022,NA,"Quercus_ilex","antocianina","new_leave",0.501,NA,NA,"191QI"
"toledo",NA,"high",NA,NA,2022,NA,"Quercus_ilex","clorofila","new_leave",16.043,NA,NA,"192QI"
"toledo",NA,"high",NA,NA,2022,NA,"Quercus_ilex","antocianina","new_leave",0.335,NA,NA,"192QI"
"toledo",NA,"high",NA,NA,2022,NA,"Quercus_ilex","clorofila","new_leave",14.48,NA,NA,"197QI"
"toledo",NA,"high",NA,NA,2022,NA,"Quercus_ilex","antocianina","new_leave",0.71,NA,NA,"197QI"
"valencia",NA,"high",NA,NA,2021,NA,"Quercus_ilex","clorofila","new_leave",45.247,NA,NA,"25QI"
"valencia",NA,"high",NA,NA,2021,NA,"Quercus_ilex","antocianina","new_leave",0.122,NA,NA,"25QI"
"valencia",NA,"high",NA,NA,2021,NA,"Quercus_ilex","clorofila","new_leave",39.054,NA,NA,"63QI"
"valencia",NA,"high",NA,NA,2021,NA,"Quercus_ilex","antocianina","new_leave",0.196,NA,NA,"63QI"
"valencia",NA,"high",NA,NA,2021,NA,"Quercus_ilex","clorofila","new_leave",46.714,NA,NA,"62QI"
"valencia",NA,"high",NA,NA,2021,NA,"Quercus_ilex","antocianina","new_leave",0.134,NA,NA,"62QI"
"valencia",NA,"high",NA,NA,2021,NA,"Quercus_ilex","clorofila","new_leave",49.187,NA,NA,"61QI"
"valencia",NA,"high",NA,NA,2021,NA,"Quercus_ilex","antocianina","new_leave",0.121,NA,NA,"61QI"
"valencia",NA,"high",NA,NA,2021,NA,"Quercus_ilex","clorofila","new_leave",52.17,NA,NA,"64QI"
"valencia",NA,"high",NA,NA,2021,NA,"Quercus_ilex","antocianina","new_leave",0.124,NA,NA,"64QI"
"valencia",NA,"high",NA,NA,2021,NA,"Quercus_ilex","clorofila","new_leave",50.542,NA,NA,"65QI"
"valencia",NA,"high",NA,NA,2021,NA,"Quercus_ilex","antocianina","new_leave",0.141,NA,NA,"65QI"
"valencia",NA,"high",NA,NA,2021,NA,"Quercus_ilex","clorofila","new_leave",51.061,NA,NA,"66QI"
"valencia",NA,"high",NA,NA,2021,NA,"Quercus_ilex","antocianina","new_leave",0.141,NA,NA,"66QI"
"valencia",NA,"high",NA,NA,2021,NA,"Quercus_ilex","clorofila","new_leave",40.092,NA,NA,"67QI"
"valencia",NA,"high",NA,NA,2021,NA,"Quercus_ilex","antocianina","new_leave",0.156,NA,NA,"67QI"
"valencia",NA,"high",NA,NA,2021,NA,"Quercus_ilex","clorofila","new_leave",41.677,NA,NA,"103QI"
"valencia",NA,"high",NA,NA,2021,NA,"Quercus_ilex","antocianina","new_leave",0.163,NA,NA,"103QI"
"valencia",NA,"high",NA,NA,2021,NA,"Quercus_ilex","clorofila","new_leave",52.36,NA,NA,"120QI"
"valencia",NA,"high",NA,NA,2021,NA,"Quercus_ilex","antocianina","new_leave",0.133,NA,NA,"120QI"
"valencia",NA,"high",NA,NA,2021,NA,"Quercus_ilex","clorofila","new_leave",49.488,NA,NA,"123QI"
"valencia",NA,"high",NA,NA,2021,NA,"Quercus_ilex","antocianina","new_leave",0.116,NA,NA,"123QI"
"valencia",NA,"high",NA,NA,2021,NA,"Quercus_ilex","clorofila","new_leave",55.946,NA,NA,"136QI"
"valencia",NA,"high",NA,NA,2021,NA,"Quercus_ilex","antocianina","new_leave",0.117,NA,NA,"136QI"
"valencia",NA,"high",NA,NA,2021,NA,"Quercus_ilex","clorofila","new_leave",58.164,NA,NA,"137QI"
"valencia",NA,"high",NA,NA,2021,NA,"Quercus_ilex","antocianina","new_leave",0.116,NA,NA,"137QI"
"valencia",NA,"high",NA,NA,2021,NA,"Quercus_ilex","clorofila","new_leave",58.077,NA,NA,"152QI"
"valencia",NA,"high",NA,NA,2021,NA,"Quercus_ilex","antocianina","new_leave",0.112,NA,NA,"152QI"
"valencia",NA,"high",NA,NA,2021,NA,"Quercus_ilex","clorofila","new_leave",56.877,NA,NA,"169QI"
"valencia",NA,"high",NA,NA,2021,NA,"Quercus_ilex","antocianina","new_leave",0.111,NA,NA,"169QI"
"valencia",NA,"high",NA,NA,2021,NA,"Quercus_ilex","clorofila","new_leave",57.606,NA,NA,"168QI"
"valencia",NA,"high",NA,NA,2021,NA,"Quercus_ilex","antocianina","new_leave",0.111,NA,NA,"168QI"
"valencia",NA,"high",NA,NA,2021,NA,"Quercus_ilex","clorofila","new_leave",50.452,NA,NA,"186QI"
"valencia",NA,"high",NA,NA,2021,NA,"Quercus_ilex","antocianina","new_leave",0.114,NA,NA,"186QI"
"valencia",NA,"high",NA,NA,2021,NA,"Quercus_ilex","clorofila","new_leave",40.272,NA,NA,"190QI"
"valencia",NA,"high",NA,NA,2021,NA,"Quercus_ilex","antocianina","new_leave",0.181,NA,NA,"190QI"
"valencia",NA,"high",NA,NA,2021,NA,"Quercus_ilex","clorofila","new_leave",44.435,NA,NA,"189QI"
"valencia",NA,"high",NA,NA,2021,NA,"Quercus_ilex","antocianina","new_leave",0.118,NA,NA,"189QI"
"valencia",NA,"high",NA,NA,2021,NA,"Quercus_ilex","clorofila","new_leave",45.321,NA,NA,"182QI"
"valencia",NA,"high",NA,NA,2021,NA,"Quercus_ilex","antocianina","new_leave",0.128,NA,NA,"182QI"
"valencia",NA,"high",NA,NA,2021,NA,"Quercus_ilex","clorofila","new_leave",46.456,NA,NA,"188QI"
"valencia",NA,"high",NA,NA,2021,NA,"Quercus_ilex","antocianina","new_leave",0.146,NA,NA,"188QI"
"valencia",NA,"high",NA,NA,2021,NA,"Quercus_ilex","clorofila","new_leave",33.74,NA,NA,"183QI"
"valencia",NA,"high",NA,NA,2021,NA,"Quercus_ilex","antocianina","new_leave",0.167,NA,NA,"183QI"
"valencia",NA,"high",NA,NA,2021,NA,"Quercus_ilex","clorofila","new_leave",45.728,NA,NA,"184QI"
"valencia",NA,"high",NA,NA,2021,NA,"Quercus_ilex","antocianina","new_leave",0.159,NA,NA,"184QI"
"valencia",NA,"high",NA,NA,2021,NA,"Quercus_ilex","clorofila","new_leave",40.514,NA,NA,"185QI"
"valencia",NA,"high",NA,NA,2021,NA,"Quercus_ilex","antocianina","new_leave",0.15,NA,NA,"185QI"
"valencia",NA,"high",NA,NA,2021,NA,"Quercus_ilex","clorofila","new_leave",51.207,NA,NA,"173QI"
"valencia",NA,"high",NA,NA,2021,NA,"Quercus_ilex","antocianina","new_leave",0.125,NA,NA,"173QI"
"valencia",NA,"high",NA,NA,2021,NA,"Quercus_ilex","clorofila","new_leave",45.174,NA,NA,"181QI"
"valencia",NA,"high",NA,NA,2021,NA,"Quercus_ilex","antocianina","new_leave",0.126,NA,NA,"181QI"
"valencia",NA,"high",NA,NA,2021,NA,"Quercus_ilex","clorofila","new_leave",48.314,NA,NA,"187QI"
"valencia",NA,"high",NA,NA,2021,NA,"Quercus_ilex","antocianina","new_leave",0.142,NA,NA,"187QI"
"valencia",NA,"control_high",NA,NA,2021,NA,"Quercus_ilex","clorofila","new_leave",36.423,NA,NA,"279QI"
"valencia",NA,"control_high",NA,NA,2021,NA,"Quercus_ilex","antocianina","new_leave",0.129,NA,NA,"279QI"
"valencia",NA,"control_high",NA,NA,2021,NA,"Quercus_ilex","clorofila","new_leave",45.916,NA,NA,"284QI"
"valencia",NA,"control_high",NA,NA,2021,NA,"Quercus_ilex","antocianina","new_leave",0.126,NA,NA,"284QI"
"valencia",NA,"control_high",NA,NA,2021,NA,"Quercus_ilex","clorofila","new_leave",42.434,NA,NA,"278QI"
"valencia",NA,"control_high",NA,NA,2021,NA,"Quercus_ilex","antocianina","new_leave",0.14,NA,NA,"278QI"
"valencia",NA,"control_high",NA,NA,2021,NA,"Quercus_ilex","clorofila","new_leave",54.722,NA,NA,"294QI"
"valencia",NA,"control_high",NA,NA,2021,NA,"Quercus_ilex","antocianina","new_leave",0.126,NA,NA,"294QI"
"valencia",NA,"control_high",NA,NA,2021,NA,"Quercus_ilex","clorofila","new_leave",49.572,NA,NA,"308QI"
"valencia",NA,"control_high",NA,NA,2021,NA,"Quercus_ilex","antocianina","new_leave",0.132,NA,NA,"308QI"
"valencia",NA,"control_high",NA,NA,2021,NA,"Quercus_ilex","clorofila","new_leave",43.972,NA,NA,"311QI"
"valencia",NA,"control_high",NA,NA,2021,NA,"Quercus_ilex","antocianina","new_leave",0.142,NA,NA,"311QI"
"valencia",NA,"control_high",NA,NA,2021,NA,"Quercus_ilex","clorofila","new_leave",45.314,NA,NA,"325QI"
"valencia",NA,"control_high",NA,NA,2021,NA,"Quercus_ilex","antocianina","new_leave",0.138,NA,NA,"325QI"
"valencia",NA,"control_high",NA,NA,2021,NA,"Quercus_ilex","clorofila","new_leave",53.201,NA,NA,"335QI"
"valencia",NA,"control_high",NA,NA,2021,NA,"Quercus_ilex","antocianina","new_leave",0.125,NA,NA,"335QI"
"valencia",NA,"control_high",NA,NA,2021,NA,"Quercus_ilex","clorofila","new_leave",45.875,NA,NA,"332QI"
"valencia",NA,"control_high",NA,NA,2021,NA,"Quercus_ilex","antocianina","new_leave",0.158,NA,NA,"332QI"
"valencia",NA,"hyper",NA,NA,2021,NA,"Quercus_ilex","clorofila","new_leave",42.764,NA,NA,"459QI"
"valencia",NA,"hyper",NA,NA,2021,NA,"Quercus_ilex","antocianina","new_leave",0.175,NA,NA,"459QI"
"valencia",NA,"hyper",NA,NA,2022,NA,"Quercus_ilex","clorofila","new_leave",40.552,NA,NA,"459QI"
"valencia",NA,"hyper",NA,NA,2022,NA,"Quercus_ilex","antocianina","new_leave",0.196,NA,NA,"459QI"
"valencia",NA,"hyper",NA,NA,2022,NA,"Quercus_ilex","clorofila","new_leave",42.374,NA,NA,"464QI"
"valencia",NA,"hyper",NA,NA,2022,NA,"Quercus_ilex","antocianina","new_leave",0.234,NA,NA,"464QI"
"valencia",NA,"hyper",NA,NA,2022,NA,"Quercus_ilex","clorofila","new_leave",33.232,NA,NA,"398QI"
"valencia",NA,"hyper",NA,NA,2022,NA,"Quercus_ilex","antocianina","new_leave",0.291,NA,NA,"398QI"
"valencia",NA,"hyper",NA,NA,2021,NA,"Quercus_ilex","clorofila","new_leave",43.211,NA,NA,"464QI"
"valencia",NA,"hyper",NA,NA,2021,NA,"Quercus_ilex","antocianina","new_leave",0.179,NA,NA,"464QI"
"valencia",NA,"hyper",NA,NA,2022,NA,"Quercus_ilex","clorofila","new_leave",38.377,NA,NA,"426QI"
"valencia",NA,"hyper",NA,NA,2022,NA,"Quercus_ilex","antocianina","new_leave",0.197,NA,NA,"426QI"
"valencia",NA,"hyper",NA,NA,2022,NA,"Quercus_ilex","clorofila","new_leave",46.808,NA,NA,"476QI"
"valencia",NA,"hyper",NA,NA,2022,NA,"Quercus_ilex","antocianina","new_leave",0.169,NA,NA,"476QI"
"valencia",NA,"hyper",NA,NA,2022,NA,"Quercus_ilex","clorofila","new_leave",44.516,NA,NA,"468QI"
"valencia",NA,"hyper",NA,NA,2022,NA,"Quercus_ilex","antocianina","new_leave",0.18,NA,NA,"468QI"
"valencia",NA,"hyper",NA,NA,2021,NA,"Quercus_ilex","clorofila","new_leave",59.232,NA,NA,"468QI"
"valencia",NA,"hyper",NA,NA,2021,NA,"Quercus_ilex","antocianina","new_leave",0.132,NA,NA,"468QI"
"valencia",NA,"hyper",NA,NA,2021,NA,"Quercus_ilex","clorofila","new_leave",37.408,NA,NA,"398QI"
"valencia",NA,"hyper",NA,NA,2021,NA,"Quercus_ilex","antocianina","new_leave",0.139,NA,NA,"398QI"
"valencia",NA,"hyper",NA,NA,2021,NA,"Quercus_ilex","clorofila","new_leave",44.141,NA,NA,"474QI"
"valencia",NA,"hyper",NA,NA,2021,NA,"Quercus_ilex","antocianina","new_leave",0.153,NA,NA,"474QI"
"valencia",NA,"high",NA,NA,2022,NA,"Quercus_ilex","clorofila","new_leave",32.503,NA,NA,"137QI"
"valencia",NA,"high",NA,NA,2022,NA,"Quercus_ilex","antocianina","new_leave",0.2,NA,NA,"137QI"
"valencia",NA,"high",NA,NA,2022,NA,"Quercus_ilex","clorofila","new_leave",37.086,NA,NA,"61QI"
"valencia",NA,"high",NA,NA,2022,NA,"Quercus_ilex","antocianina","new_leave",0.201,NA,NA,"61QI"
"valencia",NA,"hyper",NA,NA,2021,NA,"Quercus_ilex","clorofila","new_leave",48.895,NA,NA,"476QI"
"valencia",NA,"hyper",NA,NA,2021,NA,"Quercus_ilex","antocianina","new_leave",0.149,NA,NA,"476QI"
"valencia",NA,"high",NA,NA,2022,NA,"Quercus_ilex","clorofila","new_leave",42.76,NA,NA,"62QI"
"valencia",NA,"high",NA,NA,2022,NA,"Quercus_ilex","antocianina","new_leave",0.172,NA,NA,"62QI"
"valencia",NA,"high",NA,NA,2022,NA,"Quercus_ilex","clorofila","new_leave",41.62,NA,NA,"63QI"
"valencia",NA,"high",NA,NA,2022,NA,"Quercus_ilex","antocianina","new_leave",0.208,NA,NA,"63QI"
"valencia",NA,"high",NA,NA,2022,NA,"Quercus_ilex","clorofila","new_leave",37.8,NA,NA,"64QI"
"valencia",NA,"high",NA,NA,2022,NA,"Quercus_ilex","antocianina","new_leave",0.212,NA,NA,"64QI"
"valencia",NA,"high",NA,NA,2022,NA,"Quercus_ilex","clorofila","new_leave",41.839,NA,NA,"65QI"
"valencia",NA,"high",NA,NA,2022,NA,"Quercus_ilex","antocianina","new_leave",0.216,NA,NA,"65QI"
"valencia",NA,"high",NA,NA,2022,NA,"Quercus_ilex","clorofila","new_leave",37.304,NA,NA,"66QI"
"valencia",NA,"high",NA,NA,2022,NA,"Quercus_ilex","antocianina","new_leave",0.188,NA,NA,"66QI"
"valencia",NA,"hyper",NA,NA,2021,NA,"Quercus_ilex","clorofila","new_leave",50.219,NA,NA,"491QI"
"valencia",NA,"hyper",NA,NA,2021,NA,"Quercus_ilex","antocianina","new_leave",0.135,NA,NA,"491QI"
"valencia",NA,"high",NA,NA,2022,NA,"Quercus_ilex","clorofila","new_leave",41.446,NA,NA,"67QI"
"valencia",NA,"high",NA,NA,2022,NA,"Quercus_ilex","antocianina","new_leave",0.198,NA,NA,"67QI"
"valencia",NA,"hyper",NA,NA,2021,NA,"Quercus_ilex","clorofila","new_leave",48.226,NA,NA,"426QI"
"valencia",NA,"hyper",NA,NA,2021,NA,"Quercus_ilex","antocianina","new_leave",0.125,NA,NA,"426QI"
"valencia",NA,"hyper",NA,NA,2021,NA,"Quercus_ilex","clorofila","new_leave",57.713,NA,NA,"489QI"
"valencia",NA,"hyper",NA,NA,2021,NA,"Quercus_ilex","antocianina","new_leave",0.144,NA,NA,"489QI"
"valencia",NA,"high",NA,NA,2022,NA,"Quercus_ilex","clorofila","new_leave",33.985,NA,NA,"136QI"
"valencia",NA,"high",NA,NA,2022,NA,"Quercus_ilex","antocianina","new_leave",0.213,NA,NA,"136QI"
"valencia",NA,"hyper",NA,NA,2021,NA,"Quercus_ilex","clorofila","new_leave",54.126,NA,NA,"490QI"
"valencia",NA,"hyper",NA,NA,2021,NA,"Quercus_ilex","antocianina","new_leave",0.151,NA,NA,"490QI"
"valencia",NA,"high",NA,NA,2022,NA,"Quercus_ilex","clorofila","new_leave",43.335,NA,NA,"168QI"
"valencia",NA,"high",NA,NA,2022,NA,"Quercus_ilex","antocianina","new_leave",0.178,NA,NA,"168QI"
"valencia",NA,"hyper",NA,NA,2021,NA,"Quercus_ilex","clorofila","new_leave",55.945,NA,NA,"517QI"
"valencia",NA,"hyper",NA,NA,2021,NA,"Quercus_ilex","antocianina","new_leave",0.123,NA,NA,"517QI"
"valencia",NA,"hyper",NA,NA,2021,NA,"Quercus_ilex","clorofila","new_leave",44.673,NA,NA,"518QI"
"valencia",NA,"hyper",NA,NA,2021,NA,"Quercus_ilex","antocianina","new_leave",0.155,NA,NA,"518QI"
"valencia",NA,"high",NA,NA,2022,NA,"Quercus_ilex","clorofila","new_leave",32.895,NA,NA,"120QI"
"valencia",NA,"high",NA,NA,2022,NA,"Quercus_ilex","antocianina","new_leave",0.191,NA,NA,"120QI"
"valencia",NA,"hyper",NA,NA,2021,NA,"Quercus_ilex","clorofila","new_leave",53.368,NA,NA,"525QI"
"valencia",NA,"hyper",NA,NA,2021,NA,"Quercus_ilex","antocianina","new_leave",0.152,NA,NA,"525QI"
"valencia",NA,"high",NA,NA,2022,NA,"Quercus_ilex","clorofila","new_leave",39.728,NA,NA,"103QI"
"valencia",NA,"high",NA,NA,2022,NA,"Quercus_ilex","antocianina","new_leave",0.22,NA,NA,"103QI"
"valencia",NA,"high",NA,NA,2022,NA,"Quercus_ilex","clorofila","new_leave",29.374,NA,NA,"123QI"
"valencia",NA,"high",NA,NA,2022,NA,"Quercus_ilex","antocianina","new_leave",0.16,NA,NA,"123QI"
"valencia",NA,"high",NA,NA,2022,NA,"Quercus_ilex","clorofila","new_leave",42.47,NA,NA,"183QI"
"valencia",NA,"high",NA,NA,2022,NA,"Quercus_ilex","antocianina","new_leave",0.191,NA,NA,"183QI"
"valencia",NA,"high",NA,NA,2022,NA,"Quercus_ilex","clorofila","new_leave",44.092,NA,NA,"184QI"
"valencia",NA,"high",NA,NA,2022,NA,"Quercus_ilex","antocianina","new_leave",0.186,NA,NA,"184QI"
"valencia",NA,"hyper",NA,NA,2021,NA,"Quercus_ilex","clorofila","new_leave",50.586,NA,NA,"547QI"
"valencia",NA,"hyper",NA,NA,2021,NA,"Quercus_ilex","antocianina","new_leave",0.135,NA,NA,"547QI"
"valencia",NA,"hyper",NA,NA,2021,NA,"Quercus_ilex","clorofila","new_leave",47.708,NA,NA,"548QI"
"valencia",NA,"hyper",NA,NA,2021,NA,"Quercus_ilex","antocianina","new_leave",0.136,NA,NA,"548QI"
"valencia",NA,"high",NA,NA,2022,NA,"Quercus_ilex","clorofila","new_leave",44.897,NA,NA,"152QI"
"valencia",NA,"high",NA,NA,2022,NA,"Quercus_ilex","antocianina","new_leave",0.187,NA,NA,"152QI"
"valencia",NA,"hyper",NA,NA,2021,NA,"Quercus_ilex","clorofila","new_leave",54.32,NA,NA,"551QI"
"valencia",NA,"hyper",NA,NA,2021,NA,"Quercus_ilex","antocianina","new_leave",0.152,NA,NA,"551QI"
"valencia",NA,"high",NA,NA,2022,NA,"Quercus_ilex","clorofila","new_leave",39.33,NA,NA,"187QI"
"valencia",NA,"high",NA,NA,2022,NA,"Quercus_ilex","antocianina","new_leave",0.209,NA,NA,"187QI"
"valencia",NA,"hyper",NA,NA,2021,NA,"Quercus_ilex","clorofila","new_leave",50.948,NA,NA,"549QI"
"valencia",NA,"hyper",NA,NA,2021,NA,"Quercus_ilex","antocianina","new_leave",0.149,NA,NA,"549QI"
"valencia",NA,"high",NA,NA,2022,NA,"Quercus_ilex","clorofila","new_leave",42.709,NA,NA,"188QI"
"valencia",NA,"high",NA,NA,2022,NA,"Quercus_ilex","antocianina","new_leave",0.2,NA,NA,"188QI"
"valencia",NA,"control_hyper",NA,NA,2021,NA,"Quercus_ilex","clorofila","new_leave",37.254,NA,NA,"615QI"
"valencia",NA,"control_hyper",NA,NA,2021,NA,"Quercus_ilex","antocianina","new_leave",0.208,NA,NA,"615QI"
"valencia",NA,"control_hyper",NA,NA,2021,NA,"Quercus_ilex","clorofila","new_leave",44.798,NA,NA,"671QI"
"valencia",NA,"control_hyper",NA,NA,2021,NA,"Quercus_ilex","antocianina","new_leave",0.168,NA,NA,"671QI"
"valencia",NA,"control_hyper",NA,NA,2021,NA,"Quercus_ilex","clorofila","new_leave",44.038,NA,NA,"667QI"
"valencia",NA,"control_hyper",NA,NA,2021,NA,"Quercus_ilex","antocianina","new_leave",0.156,NA,NA,"667QI"
"valencia",NA,"control_hyper",NA,NA,2021,NA,"Quercus_ilex","clorofila","new_leave",50.84,NA,NA,"670QI"
"valencia",NA,"control_hyper",NA,NA,2021,NA,"Quercus_ilex","antocianina","new_leave",0.135,NA,NA,"670QI"
"valencia",NA,"high",NA,NA,2022,NA,"Quercus_ilex","clorofila","new_leave",42.752,NA,NA,"25QI"
"valencia",NA,"high",NA,NA,2022,NA,"Quercus_ilex","antocianina","new_leave",0.171,NA,NA,"25QI"
"valencia",NA,"high",NA,NA,2022,NA,"Quercus_ilex","clorofila","new_leave",39.347,NA,NA,"169QI"
"valencia",NA,"high",NA,NA,2022,NA,"Quercus_ilex","antocianina","new_leave",0.188,NA,NA,"169QI"
"valencia",NA,"control_hyper",NA,NA,2021,NA,"Quercus_ilex","clorofila","new_leave",50.72,NA,NA,"645QI"
"valencia",NA,"control_hyper",NA,NA,2021,NA,"Quercus_ilex","antocianina","new_leave",0.165,NA,NA,"645QI"
"valencia",NA,"high",NA,NA,2022,NA,"Quercus_ilex","clorofila","new_leave",41.735,NA,NA,"173QI"
"valencia",NA,"high",NA,NA,2022,NA,"Quercus_ilex","antocianina","new_leave",0.21,NA,NA,"173QI"
"valencia",NA,"high",NA,NA,2022,NA,"Quercus_ilex","clorofila","new_leave",43.527,NA,NA,"181QI"
"valencia",NA,"high",NA,NA,2022,NA,"Quercus_ilex","antocianina","new_leave",0.19,NA,NA,"181QI"
"valencia",NA,"high",NA,NA,2022,NA,"Quercus_ilex","clorofila","new_leave",46.234,NA,NA,"182QI"
"valencia",NA,"high",NA,NA,2022,NA,"Quercus_ilex","antocianina","new_leave",0.186,NA,NA,"182QI"
"valencia",NA,"control_hyper",NA,NA,2021,NA,"Quercus_ilex","clorofila","new_leave",47.705,NA,NA,"678QI"
"valencia",NA,"control_hyper",NA,NA,2021,NA,"Quercus_ilex","antocianina","new_leave",0.15,NA,NA,"678QI"
"valencia",NA,"high",NA,NA,2022,NA,"Quercus_ilex","clorofila","new_leave",47.647,NA,NA,"185QI"
"valencia",NA,"high",NA,NA,2022,NA,"Quercus_ilex","antocianina","new_leave",0.165,NA,NA,"185QI"
"valencia",NA,"high",NA,NA,2022,NA,"Quercus_ilex","clorofila","new_leave",38.09,NA,NA,"186QI"
"valencia",NA,"high",NA,NA,2022,NA,"Quercus_ilex","antocianina","new_leave",0.204,NA,NA,"186QI"
"valencia",NA,"control_high",NA,NA,2022,NA,"Quercus_ilex","clorofila","new_leave",48.339,NA,NA,"284QI"
"valencia",NA,"control_high",NA,NA,2022,NA,"Quercus_ilex","antocianina","new_leave",0.162,NA,NA,"284QI"
"valencia",NA,"high",NA,NA,2022,NA,"Quercus_ilex","clorofila","new_leave",38.974,NA,NA,"189QI"
"valencia",NA,"high",NA,NA,2022,NA,"Quercus_ilex","antocianina","new_leave",0.203,NA,NA,"189QI"
"valencia",NA,"high",NA,NA,2022,NA,"Quercus_ilex","clorofila","new_leave",37.831,NA,NA,"190QI"
"valencia",NA,"high",NA,NA,2022,NA,"Quercus_ilex","antocianina","new_leave",0.196,NA,NA,"190QI"
"valencia",NA,"control_hyper",NA,NA,2021,NA,"Quercus_ilex","clorofila","new_leave",46.506,NA,NA,"706QI"
"valencia",NA,"control_hyper",NA,NA,2021,NA,"Quercus_ilex","antocianina","new_leave",0.189,NA,NA,"706QI"
"valencia",NA,"control_high",NA,NA,2022,NA,"Quercus_ilex","clorofila","new_leave",40.552,NA,NA,"311QI"
"valencia",NA,"control_high",NA,NA,2022,NA,"Quercus_ilex","antocianina","new_leave",0.196,NA,NA,"311QI"
"valencia",NA,"control_hyper",NA,NA,2021,NA,"Quercus_ilex","clorofila","new_leave",49.159,NA,NA,"707QI"
"valencia",NA,"control_hyper",NA,NA,2021,NA,"Quercus_ilex","antocianina","new_leave",0.202,NA,NA,"707QI"
"valencia",NA,"control_hyper",NA,NA,2021,NA,"Quercus_ilex","clorofila","new_leave",56.198,NA,NA,"705QI"
"valencia",NA,"control_hyper",NA,NA,2021,NA,"Quercus_ilex","antocianina","new_leave",0.122,NA,NA,"705QI"
"valencia",NA,"control_hyper",NA,NA,2021,NA,"Quercus_ilex","clorofila","new_leave",37.3,NA,NA,"704QI"
"valencia",NA,"control_hyper",NA,NA,2021,NA,"Quercus_ilex","antocianina","new_leave",0.179,NA,NA,"704QI"
"valencia",NA,"control_hyper",NA,NA,2021,NA,"Quercus_ilex","clorofila","new_leave",53.027,NA,NA,"698QI"
"valencia",NA,"control_hyper",NA,NA,2021,NA,"Quercus_ilex","antocianina","new_leave",0.151,NA,NA,"698QI"
"valencia",NA,"control_high",NA,NA,2022,NA,"Quercus_ilex","clorofila","new_leave",41.873,NA,NA,"278QI"
"valencia",NA,"control_high",NA,NA,2022,NA,"Quercus_ilex","antocianina","new_leave",0.19,NA,NA,"278QI"
"valencia",NA,"control_high",NA,NA,2022,NA,"Quercus_ilex","clorofila","new_leave",46.862,NA,NA,"332QI"
"valencia",NA,"control_high",NA,NA,2022,NA,"Quercus_ilex","antocianina","new_leave",0.18,NA,NA,"332QI"
"valencia",NA,"control_high",NA,NA,2022,NA,"Quercus_ilex","clorofila","new_leave",44.125,NA,NA,"279QI"
"valencia",NA,"control_high",NA,NA,2022,NA,"Quercus_ilex","antocianina","new_leave",0.164,NA,NA,"279QI"
"valencia",NA,"hyper",NA,NA,2021,NA,"Quercus_ilex","clorofila","new_leave",46.018,NA,NA,"400QI"
"valencia",NA,"hyper",NA,NA,2021,NA,"Quercus_ilex","antocianina","new_leave",0.149,NA,NA,"400QI"
"valencia",NA,"hyper",NA,NA,2021,NA,"Quercus_ilex","clorofila","new_leave",51.315,NA,NA,"401QI"
"valencia",NA,"hyper",NA,NA,2021,NA,"Quercus_ilex","antocianina","new_leave",0.145,NA,NA,"401QI"
"valencia",NA,"control_high",NA,NA,2022,NA,"Quercus_ilex","clorofila","new_leave",44.516,NA,NA,"294QI"
"valencia",NA,"control_high",NA,NA,2022,NA,"Quercus_ilex","antocianina","new_leave",0.18,NA,NA,"294QI"
"valencia",NA,"control_high",NA,NA,2022,NA,"Quercus_ilex","clorofila","new_leave",38.377,NA,NA,"308QI"
"valencia",NA,"control_high",NA,NA,2022,NA,"Quercus_ilex","antocianina","new_leave",0.197,NA,NA,"308QI"
"valencia",NA,"control_high",NA,NA,2022,NA,"Quercus_ilex","clorofila","new_leave",41.155,NA,NA,"325QI"
"valencia",NA,"control_high",NA,NA,2022,NA,"Quercus_ilex","antocianina","new_leave",0.202,NA,NA,"325QI"
"valencia",NA,"hyper",NA,NA,2022,NA,"Quercus_ilex","clorofila","new_leave",30.96,NA,NA,"400QI"
"valencia",NA,"hyper",NA,NA,2022,NA,"Quercus_ilex","antocianina","new_leave",0.21,NA,NA,"400QI"
"valencia",NA,"hyper",NA,NA,2022,NA,"Quercus_ilex","clorofila","new_leave",39.745,NA,NA,"401QI"
"valencia",NA,"hyper",NA,NA,2022,NA,"Quercus_ilex","antocianina","new_leave",0.24,NA,NA,"401QI"
"valencia",NA,"control_hyper",NA,NA,2022,NA,"Quercus_ilex","clorofila","new_leave",43.42,NA,NA,"670QI"
"valencia",NA,"control_hyper",NA,NA,2022,NA,"Quercus_ilex","antocianina","new_leave",0.202,NA,NA,"670QI"
"valencia",NA,"control_high",NA,NA,2022,NA,"Quercus_ilex","clorofila","new_leave",38.932,NA,NA,"335QI"
"valencia",NA,"control_high",NA,NA,2022,NA,"Quercus_ilex","antocianina","new_leave",0.192,NA,NA,"335QI"
"valencia",NA,"hyper",NA,NA,2022,NA,"Quercus_ilex","clorofila","new_leave",38.973,NA,NA,"491QI"
"valencia",NA,"hyper",NA,NA,2022,NA,"Quercus_ilex","antocianina","new_leave",0.204,NA,NA,"491QI"
"valencia",NA,"hyper",NA,NA,2022,NA,"Quercus_ilex","clorofila","new_leave",50.01,NA,NA,"474QI"
"valencia",NA,"hyper",NA,NA,2022,NA,"Quercus_ilex","antocianina","new_leave",0.163,NA,NA,"474QI"
"valencia",NA,"control_hyper",NA,NA,2022,NA,"Quercus_ilex","clorofila","new_leave",45.609,NA,NA,"698QI"
"valencia",NA,"control_hyper",NA,NA,2022,NA,"Quercus_ilex","antocianina","new_leave",0.18,NA,NA,"698QI"
"valencia",NA,"hyper",NA,NA,2022,NA,"Quercus_ilex","clorofila","new_leave",43.086,NA,NA,"489QI"
"valencia",NA,"hyper",NA,NA,2022,NA,"Quercus_ilex","antocianina","new_leave",0.213,NA,NA,"489QI"
"valencia",NA,"hyper",NA,NA,2022,NA,"Quercus_ilex","clorofila","new_leave",38.156,NA,NA,"490QI"
"valencia",NA,"hyper",NA,NA,2022,NA,"Quercus_ilex","antocianina","new_leave",0.212,NA,NA,"490QI"
"valencia",NA,"hyper",NA,NA,2022,NA,"Quercus_ilex","clorofila","new_leave",43.982,NA,NA,"549QI"
"valencia",NA,"hyper",NA,NA,2022,NA,"Quercus_ilex","antocianina","new_leave",0.19,NA,NA,"549QI"
"valencia",NA,"control_hyper",NA,NA,2022,NA,"Quercus_ilex","clorofila","new_leave",38.681,NA,NA,"706QI"
"valencia",NA,"control_hyper",NA,NA,2022,NA,"Quercus_ilex","antocianina","new_leave",0.211,NA,NA,"706QI"
"valencia",NA,"hyper",NA,NA,2022,NA,"Quercus_ilex","clorofila","new_leave",40.619,NA,NA,"517QI"
"valencia",NA,"hyper",NA,NA,2022,NA,"Quercus_ilex","antocianina","new_leave",0.173,NA,NA,"517QI"
"valencia",NA,"hyper",NA,NA,2022,NA,"Quercus_ilex","clorofila","new_leave",35.441,NA,NA,"518QI"
"valencia",NA,"hyper",NA,NA,2022,NA,"Quercus_ilex","antocianina","new_leave",0.213,NA,NA,"518QI"
"valencia",NA,"hyper",NA,NA,2022,NA,"Quercus_ilex","clorofila","new_leave",44.296,NA,NA,"525QI"
"valencia",NA,"hyper",NA,NA,2022,NA,"Quercus_ilex","antocianina","new_leave",0.205,NA,NA,"525QI"
"valencia",NA,"hyper",NA,NA,2022,NA,"Quercus_ilex","clorofila","new_leave",39.484,NA,NA,"547QI"
"valencia",NA,"hyper",NA,NA,2022,NA,"Quercus_ilex","antocianina","new_leave",0.195,NA,NA,"547QI"
"valencia",NA,"hyper",NA,NA,2022,NA,"Quercus_ilex","clorofila","new_leave",40.715,NA,NA,"548QI"
"valencia",NA,"hyper",NA,NA,2022,NA,"Quercus_ilex","antocianina","new_leave",0.203,NA,NA,"548QI"
"valencia",NA,"control_hyper",NA,NA,2022,NA,"Quercus_ilex","clorofila","new_leave",40.115,NA,NA,"707QI"
"valencia",NA,"control_hyper",NA,NA,2022,NA,"Quercus_ilex","antocianina","new_leave",0.217,NA,NA,"707QI"
"valencia",NA,"hyper",NA,NA,2022,NA,"Quercus_ilex","clorofila","new_leave",38.952,NA,NA,"551QI"
"valencia",NA,"hyper",NA,NA,2022,NA,"Quercus_ilex","antocianina","new_leave",0.202,NA,NA,"551QI"
"valencia",NA,"control_hyper",NA,NA,2022,NA,"Quercus_ilex","clorofila","new_leave",38.428,NA,NA,"615QI"
"valencia",NA,"control_hyper",NA,NA,2022,NA,"Quercus_ilex","antocianina","new_leave",0.215,NA,NA,"615QI"
"valencia",NA,"control_hyper",NA,NA,2022,NA,"Quercus_ilex","clorofila","new_leave",40.141,NA,NA,"645QI"
"valencia",NA,"control_hyper",NA,NA,2022,NA,"Quercus_ilex","antocianina","new_leave",0.208,NA,NA,"645QI"
"valencia",NA,"control_hyper",NA,NA,2022,NA,"Quercus_ilex","clorofila","new_leave",39.53,NA,NA,"678QI"
"valencia",NA,"control_hyper",NA,NA,2022,NA,"Quercus_ilex","antocianina","new_leave",0.244,NA,NA,"678QI"
"valencia",NA,"control_hyper",NA,NA,2022,NA,"Quercus_ilex","clorofila","new_leave",41.015,NA,NA,"704QI"
"valencia",NA,"control_hyper",NA,NA,2022,NA,"Quercus_ilex","antocianina","new_leave",0.198,NA,NA,"704QI"
"valencia",NA,"control_hyper",NA,NA,2022,NA,"Quercus_ilex","clorofila","new_leave",53.599,NA,NA,"705QI"
"valencia",NA,"control_hyper",NA,NA,2022,NA,"Quercus_ilex","antocianina","new_leave",0.17,NA,NA,"705QI"
"valencia",NA,"control_hyper",NA,NA,2022,NA,"Quercus_ilex","clorofila","new_leave",43.271,NA,NA,"667QI"
"valencia",NA,"control_hyper",NA,NA,2022,NA,"Quercus_ilex","antocianina","new_leave",0.2,NA,NA,"667QI"
"valencia",NA,"control_hyper",NA,NA,2022,NA,"Quercus_ilex","clorofila","new_leave",39.839,NA,NA,"671QI"
"valencia",NA,"control_hyper",NA,NA,2022,NA,"Quercus_ilex","antocianina","new_leave",0.215,NA,NA,"671QI"
