"site","habitat","treatment","year","sampling_unit","author_code","Riqueza","Shannon","Simpson","Abundancia"
"toledo","forest","control",2021,"pf1_Q-C-Bosque T6 pf1 22-27.vi-21","Q-C-Bosque T6 pf1 22-27.vi-21",6,5.15365595716911,4.59183673469388,15
"toledo","forest","control",2021,"pf1_Q-C-Bosque T8 pf1 22-27.vi-21","Q-C-Bosque T8 pf1 22-27.vi-21",6,3.19956249535924,2.59712230215827,38
"toledo","forest","control",2021,"pf2_Q-C-Bosque T6 pf2 22-27.vi-21","Q-C-Bosque T6 pf2 22-27.vi-21",5,3.66881871053018,3.11538461538462,18
"toledo","forest","control",2021,"pf2_Q-C-Bosque T8 pf2 22-27.vi-21","Q-C-Bosque T8 pf2 22-27.vi-21",6,4.92056930975062,4.26086956521739,14
"toledo","forest","control",2021,"pf3_Q-C-Bosque T6 pf3 22-27.vi-21","Q-C-Bosque T6 pf3 22-27.vi-21",7,5.52604724796058,4.59183673469388,15
"toledo","forest","control",2021,"pf3_Q-C-Bosque T8 pf3 22-27.vi-21","Q-C-Bosque T8 pf3 22-27.vi-21",5,3.23880552621024,2.4390243902439,20
"toledo","forest","control",2022,"pf1_Q22-C bosque T6 pf1 22-27/06/22","Q22-C bosque T6 pf1 22-27/06/22",4,2.4481500702262,1.84905660377358,14
"toledo","forest","control",2022,"pf1_Q22-C bosque T8 pf1 22-27/06/22","Q22-C bosque T8 pf1 22-27/06/22",6,3.73620890662734,3,30
"toledo","forest","control",2022,"pf2_Q22-C bosque T6 pf2 22-27/06/22","Q22-C bosque T6 pf2 22-27/06/22",5,3.43520132821041,2.63087248322148,28
"toledo","forest","control",2022,"pf2_Q22-C bosque T8 pf2 22-27/06/22","Q22-C bosque T8 pf2 22-27/06/22",6,4.70419108713781,4.07042253521127,17
"toledo","forest","control",2022,"pf3_Q22-C bosque T6 pf3 22-27/06/22","Q22-C bosque T6 pf3 22-27/06/22",5,4.3634455036825,4.16017316017316,31
"toledo","forest","control",2022,"pf3_Q22-C bosque T8 pf3 22-27/06/22","Q22-C bosque T8 pf3 22-27/06/22",5,4.58575641234582,4.26315789473684,9
"toledo","forest","high",2021,"pf1_Q-dB-Bosque T12 pf1 22-27.vi-21","Q-dB-Bosque T12 pf1 22-27.vi-21",6,4.92593669483027,4.15384615384615,18
"toledo","forest","high",2021,"pf1_Q-dB-Bosque T14 pf1 22-27.vi-21","Q-dB-Bosque T14 pf1 22-27.vi-21",7,4.51134388530794,3.08219178082192,15
"toledo","forest","high",2021,"pf2_Q-dB-Bosque T12 pf2 22-27.vi-21","Q-dB-Bosque T12 pf2 22-27.vi-21",12,9.59076355537795,8.36318407960199,41
"toledo","forest","high",2021,"pf2_Q-dB-Bosque T14 pf2 22-27.vi-21","Q-dB-Bosque T14 pf2 22-27.vi-21",8,5.43265446122709,4.40890688259109,33
"toledo","forest","high",2021,"pf3_Q-dB-Bosque T12 pf3 22-27.vi-21","Q-dB-Bosque T12 pf3 22-27.vi-21",9,6.03522507393583,4.75285171102662,50
"toledo","forest","high",2021,"pf3_Q-dB-Bosque T14 pf3 22-27.vi-21","Q-dB-Bosque T14 pf3 22-27.vi-21",5,2.34617608400508,1.84346959122632,43
"toledo","forest","hyper",2021,"pf1_Q-dA-Bosque T16 pf1 22-27.vi-21","Q-dA-Bosque T16 pf1 22-27.vi-21",9,7.16036900362247,6.17094017094017,38
"toledo","forest","hyper",2021,"pf1_Q-dA-Bosque T66 pf1 22-27.vi-21","Q-dA-Bosque T66 pf1 22-27.vi-21",6,4.75548726214048,4.14441416893733,39
"toledo","forest","hyper",2021,"pf2_Q-dA-Bosque T16 pf2 22-27.vi-21","Q-dA-Bosque T16 pf2 22-27.vi-21",9,6.60744485996927,5.23255813953488,30
"toledo","forest","hyper",2021,"pf2_Q-dA-Bosque T66 pf2 22-27.vi-21","Q-dA-Bosque T66 pf2 22-27.vi-21",6,3.43404207592929,2.38378378378378,21
"toledo","forest","hyper",2021,"pf3_Q-dA-Bosque T16 pf3 22-27.vi-21","Q-dA-Bosque T16 pf3 22-27.vi-21",7,3.56388133300613,2.4139650872818,44
"toledo","forest","hyper",2021,"pf3_Q-dA-Bosque T66 pf3 22-27.vi-21","Q-dA-Bosque T66 pf3 22-27.vi-21",7,5.60350170073035,4.73770491803279,17
"toledo","scrub","control",2021,"pf1_Q-C pf1 22-27.vi.21","Q-C pf1 22-27.vi.21",7,5.03496087174372,4.10077519379845,23
"toledo","scrub","control",2021,"pf10_Q-C pf10 22-27.vi.21","Q-C pf10 22-27.vi.21",8,5.43789104819569,4.65137614678899,39
"toledo","scrub","control",2021,"pf11_Q-C pf11 22-27.vi.21","Q-C pf11 22-27.vi.21",8,5.51776307901167,4.24528301886792,30
"toledo","scrub","control",2021,"pf12_Q-C pf12 22-27.vi.21","Q-C pf12 22-27.vi.21",7,4.21275346073821,3.53536452665941,57
"toledo","scrub","control",2021,"pf2_Q-C pf2 22-27.vi.21","Q-C pf2 22-27.vi.21",9,6.77251495867231,5.64516129032258,35
"toledo","scrub","control",2021,"pf3_Q-C pf3 22-27.vi.21","Q-C pf3 22-27.vi.21",5,2.97263832403324,2.23948811700183,35
"toledo","scrub","control",2021,"pf4_Q-C pf4 22-27.vi.21","Q-C pf4 22-27.vi.21",9,6.22002804523102,4.89855072463768,26
"toledo","scrub","control",2021,"pf5_Q-C pf5 22-27.vi.21","Q-C pf5 22-27.vi.21",8,5.3751041593502,3.84126984126984,22
"toledo","scrub","control",2021,"pf6_Q-C pf6 22-27.vi.21","Q-C pf6 22-27.vi.21",9,7.06292013564109,5.99139414802065,59
"toledo","scrub","control",2021,"pf7_Q-C pf7 22-27.vi.21","Q-C pf7 22-27.vi.21",10,3.32639593063981,2.05547652916074,85
"toledo","scrub","control",2021,"pf8_Q-C pf8 22-27.vi.21","Q-C pf8 22-27.vi.21",9,6.89420173610997,5.54251012145749,37
"toledo","scrub","control",2021,"pf9_Q-C pf9 22-27.vi.21","Q-C pf9 22-27.vi.21",6,3.71192313973885,3.11881188118812,105
"toledo","scrub","control",2022,"pf1_Q22-C pf1 22-27/06/2022","Q22-C pf1 22-27/06/2022",7,5.71716450774156,4.93877551020408,22
"toledo","scrub","control",2022,"pf10_Q22-C pf10 22-27/06/2022","Q22-C pf10 22-27/06/2022",7,4.37945145806721,3.6734693877551,60
"toledo","scrub","control",2022,"pf11_Q22-C pf11 22-27/06/2022","Q22-C pf11 22-27/06/2022",7,3.29734703369027,2.43362831858407,55
"toledo","scrub","control",2022,"pf12_Q22-C pf12 22-27/06/2022","Q22-C pf12 22-27/06/2022",7,3.24836577302746,2.57398212512413,72
"toledo","scrub","control",2022,"pf2_Q22-C pf2 22-27/06/2022","Q22-C pf2 22-27/06/2022",9,6.92601621439875,5.96891191709845,48
"toledo","scrub","control",2022,"pf3_Q22-C pf3 22-27/06/2022","Q22-C pf3 22-27/06/2022",7,6.11820357851722,5.62637362637363,32
"toledo","scrub","control",2022,"pf4_Q22-C pf4 22-27/06/2022","Q22-C pf4 22-27/06/2022",7,4.08450263186149,2.97551020408163,27
"toledo","scrub","control",2022,"pf5_Q22-C pf5 22-27/06/2022","Q22-C pf5 22-27/06/2022",9,6.38955876805538,5.19480519480519,40
"toledo","scrub","control",2022,"pf6_Q22-C pf6 22-27/06/2022","Q22-C pf6 22-27/06/2022",7,4.89325111261099,3.97546012269939,36
"toledo","scrub","control",2022,"pf7_Q22-C pf7 22-27/06/2022","Q22-C pf7 22-27/06/2022",7,4.37387366253709,3.43506493506493,46
"toledo","scrub","control",2022,"pf8_Q22-C pf8 22-27/06/2022","Q22-C pf8 22-27/06/2022",9,4.28836188538201,2.95532390171258,63
"toledo","scrub","control",2022,"pf9_Q22-C pf9 22-27/06/2022","Q22-C pf9 22-27/06/2022",5,3.89706784145305,3.58277094084954,95
"toledo","scrub","high",2021,"pf1_Q-dB pf1 22-27.vi-21","Q-dB pf1 22-27.vi-21",9,6.37235778100806,5.24703087885986,47
"toledo","scrub","high",2021,"pf10_Q-dB pf10 22-27.vi-21","Q-dB pf10 22-27.vi-21",6,4.98991820193653,4.51173708920188,31
"toledo","scrub","high",2021,"pf11_Q-dB pf11 22-27.vi-21","Q-dB pf11 22-27.vi-21",12,8.92466823482822,7.24699828473413,65
"toledo","scrub","high",2021,"pf12_Q-dB pf12 22-27.vi-21","Q-dB pf12 22-27.vi-21",7,3.27570465797067,2.4638783269962,36
"toledo","scrub","high",2021,"pf2_Q-dB pf2 22-27.vi-21","Q-dB pf2 22-27.vi-21",7,4.78280198770833,4.06349206349206,32
"toledo","scrub","high",2021,"pf3_Q-dB pf3 22-27.vi-21","Q-dB pf3 22-27.vi-21",8,5.3602242609455,4.27058823529412,33
"toledo","scrub","high",2021,"pf4_Q-dB pf4 22-27.vi-21","Q-dB pf4 22-27.vi-21",6,3.9857394730265,3.27027027027027,33
"toledo","scrub","high",2021,"pf5_Q-dB pf5 22-27.vi-21","Q-dB pf5 22-27.vi-21",8,5.21894226249836,3.94520547945205,24
"toledo","scrub","high",2021,"pf6_Q-dB pf6 22-27.vi-21","Q-dB pf6 22-27.vi-21",8,6.43378684996002,5.73031026252983,49
"toledo","scrub","high",2021,"pf7_Q-dB pf7 22-27.vi-21","Q-dB pf7 22-27.vi-21",10,6.09325745568484,4.7280163599182,68
"toledo","scrub","high",2021,"pf8_Q-dB pf8 22-27.vi-21","Q-dB pf8 22-27.vi-21",6,3.71378777625445,2.92582781456954,47
"toledo","scrub","high",2021,"pf9_Q-dB pf9 22-27.vi-21","Q-dB pf9 22-27.vi-21",13,7.7603017646444,5.61386138613861,63
"toledo","scrub","high",2022,"pf1_Q-dB T12 pf1 22-27/06/2022","Q-dB T12 pf1 22-27/06/2022",5,2.74777621709612,2.10291858678955,37
"toledo","scrub","high",2022,"pf1_Q-dB T14 pf1 22-27/06/2022","Q-dB T14 pf1 22-27/06/2022",4,3.70907929775537,3.52173913043478,9
"toledo","scrub","high",2022,"pf1_Q-dB pf1 22-27/06/2022","Q-dB pf1 22-27/06/2022",6,5.05315068075891,4.40890688259109,33
"toledo","scrub","high",2022,"pf10_Q-dB pf10 22-27/06/2022","Q-dB pf10 22-27/06/2022",9,6.50219579621394,5.64263322884013,60
"toledo","scrub","high",2022,"pf11_Q-dB pf11 22-27/06/2022","Q-dB pf11 22-27/06/2022",10,7.108664603568,5.8695652173913,45
"toledo","scrub","high",2022,"pf12_Q-dB pf12 22-27/06/2022","Q-dB pf12 22-27/06/2022",10,5.84227386089974,4.33928571428571,54
"toledo","scrub","high",2022,"pf2_Q-dB T12 pf2 22-27/06/2022","Q-dB T12 pf2 22-27/06/2022",8,5.65103591327114,4.78145695364238,38
"toledo","scrub","high",2022,"pf2_Q-dB T14 pf2 22-27/06/2022","Q-dB T14 pf2 22-27/06/2022",5,2.10800113812489,1.50892857142857,26
"toledo","scrub","high",2022,"pf2_Q-dB pf2 22-27/06/2022","Q-dB pf2 22-27/06/2022",7,3.60968394404626,2.79696132596685,90
"toledo","scrub","high",2022,"pf3_Q-dB T12 pf3 22-27/06/2022","Q-dB T12 pf3 22-27/06/2022",8,5.65739396881286,4.54817275747508,37
"toledo","scrub","high",2022,"pf3_Q-dB T14 pf3 22-27/06/2022","Q-dB T14 pf3 22-27/06/2022",6,3.90495498750532,3.1025641025641,22
"toledo","scrub","high",2022,"pf3_Q-dB pf3 22-27/06/2022","Q-dB pf3 22-27/06/2022",5,3.8081570190484,3.31192660550459,19
"toledo","scrub","high",2022,"pf4_Q-dB pf4 22-27/06/2022","Q-dB pf4 22-27/06/2022",3,2.24612267293448,1.99447513812155,19
"toledo","scrub","high",2022,"pf5_Q-dB pf5 22-27/06/2022","Q-dB pf5 22-27/06/2022",9,4.99840309844869,4.00770416024653,51
"toledo","scrub","high",2022,"pf6_Q-dB pf6 22-27/06/2022","Q-dB pf6 22-27/06/2022",7,4.34405124516363,3.28506787330317,66
"toledo","scrub","high",2022,"pf7_Q-dB pf7 22-27/06/2022","Q-dB pf7 22-27/06/2022",7,5.0082541134361,4.11864406779661,27
"toledo","scrub","high",2022,"pf8_Q-dB pf8 22-27/06/2022","Q-dB pf8 22-27/06/2022",9,1.84951305909128,1.33244717599527,491
"toledo","scrub","high",2022,"pf9_Q-dB pf9 22-27/06/2022","Q-dB pf9 22-27/06/2022",7,5.04964857276833,4.0131926121372,39
"toledo","scrub","hyper",2021,"pf1_Q-dA pf1 22-27.vi.21","Q-dA pf1 22-27.vi.21",8,5.30361729134404,4.43349753694581,60
"toledo","scrub","hyper",2021,"pf10_Q-dA pf10 22-27.vi.21","Q-dA pf10 22-27.vi.21",7,4.09037687954231,3.25492468134415,53
"toledo","scrub","hyper",2021,"pf11_Q-dA pf11 22-27.vi.21","Q-dA pf11 22-27.vi.21",9,3.01283093071119,1.99770694794772,132
"toledo","scrub","hyper",2021,"pf12_Q-dA pf12 22-27.vi.21","Q-dA pf12 22-27.vi.21",8,3.68796607895124,2.7,108
"toledo","scrub","hyper",2021,"pf2_Q-dA pf2 22-27.vi.21","Q-dA pf2 22-27.vi.21",8,4.48783681545559,3.37459131247081,85
"toledo","scrub","hyper",2021,"pf3_Q-dA pf3 22-27.vi.21","Q-dA pf3 22-27.vi.21",9,4.72333484754477,3.53403141361257,90
"toledo","scrub","hyper",2021,"pf4_Q-dA pf4 22-27.vi.21","Q-dA pf4 22-27.vi.21",8,5.27495194145269,4.45679012345679,95
"toledo","scrub","hyper",2021,"pf5_Q-dA pf5 22-27.vi.21","Q-dA pf5 22-27.vi.21",4,2.91034451421601,2.48679678530425,114
"toledo","scrub","hyper",2021,"pf6_Q-dA pf6 22-27.vi.21","Q-dA pf6 22-27.vi.21",7,4.08668535143319,3.12704523580366,57
"toledo","scrub","hyper",2021,"pf7_Q-dA pf7 22-27.vi.21","Q-dA pf7 22-27.vi.21",7,3.93344604921788,2.73448546739984,59
"toledo","scrub","hyper",2021,"pf8_Q-dA pf8 22-27.vi.21","Q-dA pf8 22-27.vi.21",9,5.11617929722111,4.01578393546124,107
"toledo","scrub","hyper",2021,"pf9_Q-dA pf9 22-27.vi.21","Q-dA pf9 22-27.vi.21",10,4.94053018857158,3.68152031454784,53
"toledo","scrub","hyper",2022,"pf1_Q-dA T16 pf1 22-27/06/2022","Q-dA T16 pf1 22-27/06/2022",10,7.547216690143,6.01657458563536,33
"toledo","scrub","hyper",2022,"pf1_Q-dA T66 pf1 22-27/06/2022","Q-dA T66 pf1 22-27/06/2022",6,3.17572265210547,2.37241670181358,75
"toledo","scrub","hyper",2022,"pf1_Q-dA pf1 22-27/06/2022","Q-dA pf1 22-27/06/2022",6,3.76157847375591,3.21792114695341,67
"toledo","scrub","hyper",2022,"pf10_Q-dA pf10 22-27/06/2022","Q-dA pf10 22-27/06/2022",8,3.55754267751111,2.5463976945245,94
"toledo","scrub","hyper",2022,"pf11_Q-dA pf11 22-27/06/2022","Q-dA pf11 22-27/06/2022",10,6.6934212564978,5.46772228989038,67
"toledo","scrub","hyper",2022,"pf12_Q-dA pf12 22-27/06/2022","Q-dA pf12 22-27/06/2022",8,5.68054396002463,4.84173778122576,79
"toledo","scrub","hyper",2022,"pf2_Q-dA T16 pf2 22-27/06/2022","Q-dA T16 pf2 22-27/06/2022",6,3.89792225942651,3.04210526315789,34
"toledo","scrub","hyper",2022,"pf2_Q-dA T66 pf2 22-27/06/2022","Q-dA T66 pf2 22-27/06/2022",7,4.66282518629216,3.63440860215054,26
"toledo","scrub","hyper",2022,"pf2_Q-dA pf2 22-27/06/2022","Q-dA pf2 22-27/06/2022",7,3.96158369329073,2.75598086124402,48
"toledo","scrub","hyper",2022,"pf3_Q-dA T16 pf3 22-27/06/2022","Q-dA T16 pf3 22-27/06/2022",5,3.51216778472947,3.05083260297984,59
"toledo","scrub","hyper",2022,"pf3_Q-dA T66 pf3 22-27/06/2022","Q-dA T66 pf3 22-27/06/2022",10,5.45182749158811,3.36363636363636,37
"toledo","scrub","hyper",2022,"pf3_Q-dA pf3 22-27/06/2022","Q-dA pf3 22-27/06/2022",10,6.89147823535009,5.66480446927374,78
"toledo","scrub","hyper",2022,"pf4_Q-dA pf4 22-27/06/2022","Q-dA pf4 22-27/06/2022",6,4.7369259854677,4.00367647058824,66
"toledo","scrub","hyper",2022,"pf5_Q-dA pf5 22-27/06/2022","Q-dA pf5 22-27/06/2022",8,3.90898744579639,2.90542244640605,96
"toledo","scrub","hyper",2022,"pf6_Q-dA pf6 22-27/06/2022","Q-dA pf6 22-27/06/2022",8,5.58078993032819,4.79207920792079,88
"toledo","scrub","hyper",2022,"pf7_Q-dA pf7 22-27/06/2022","Q-dA pf7 22-27/06/2022",8,5.58352359190983,4.46581875993641,53
"toledo","scrub","hyper",2022,"pf8_Q-dA pf8 22-27/06/2022","Q-dA pf8 22-27/06/2022",7,4.17617021645056,3.47402924861321,83
"toledo","scrub","hyper",2022,"pf9_Q-dA pf9 22-27/06/2022","Q-dA pf9 22-27/06/2022",6,4.12663924448202,3.63573883161512,46
"valencia","scrub","control_high",2021,"pf1_M-dB-C T1 pf1 23-28.vi.21","M-dB-C T1 pf1 23-28.vi.21",8,7.10000249264919,6.4,16
"valencia","scrub","control_high",2021,"pf1_M-dB-C T2 pf1 23-28.vi.21","M-dB-C T2 pf1 23-28.vi.21",5,3.34155563207792,2.63636363636364,29
"valencia","scrub","control_high",2021,"pf1_M-dB-C T3 pf1 23-28.vi.21","M-dB-C T3 pf1 23-28.vi.21",7,5.47148551329825,4.73684210526316,30
"valencia","scrub","control_high",2021,"pf1_M-dB-C T4 pf1 23-28.vi.21","M-dB-C T4 pf1 23-28.vi.21",7,6.23561675873278,5.76470588235294,28
"valencia","scrub","control_high",2021,"pf2_M-dB-C T1 pf2 23-28.vi.21","M-dB-C T1 pf2 23-28.vi.21",4,3.58598882705695,3.26666666666667,7
"valencia","scrub","control_high",2021,"pf2_M-dB-C T2 pf2 23-28.vi.21","M-dB-C T2 pf2 23-28.vi.21",6,4.38144760850383,3.80575539568345,23
"valencia","scrub","control_high",2021,"pf2_M-dB-C T3 pf2 23-28.vi.21","M-dB-C T3 pf2 23-28.vi.21",5,4.34115281760506,3.90322580645161,11
"valencia","scrub","control_high",2021,"pf2_M-dB-C T4 pf2 23-28.vi.21","M-dB-C T4 pf2 23-28.vi.21",8,3.76127214071691,2.96486090775988,90
"valencia","scrub","control_high",2021,"pf3_M-dB-C T1 pf3 23-28.vi.21","M-dB-C T1 pf3 23-28.vi.21",3,2.36517352331106,1.99115044247788,15
"valencia","scrub","control_high",2021,"pf3_M-dB-C T2 pf3 23-28.vi.21","M-dB-C T2 pf3 23-28.vi.21",6,3.85108418861019,2.90909090909091,32
"valencia","scrub","control_high",2021,"pf3_M-dB-C T3 pf3 23-28.vi.21","M-dB-C T3 pf3 23-28.vi.21",5,3.66801617281868,2.97674418604651,16
"valencia","scrub","control_high",2021,"pf3_M-dB-C T4 pf3 23-28.vi.21","M-dB-C T4 pf3 23-28.vi.21",6,4.66297868833838,3.78947368421053,12
"valencia","scrub","control_high",2022,"pf1_M dB-C T1 pf1 23-28/6/2022","M dB-C T1 pf1 23-28/6/2022",8,4.73702953769291,3.63712757830405,69
"valencia","scrub","control_high",2022,"pf1_M dB-C T2 pf1 23-28/6/2022","M dB-C T2 pf1 23-28/6/2022",2,1.75476535060332,1.6,8
"valencia","scrub","control_high",2022,"pf1_M dB-C T3 pf1 23-28/6/2022","M dB-C T3 pf1 23-28/6/2022",6,4.03318876202053,2.97938144329897,17
"valencia","scrub","control_high",2022,"pf1_M dB-C T4 pf1 23-28/6/2022","M dB-C T4 pf1 23-28/6/2022",8,4.76844093010761,3.79775280898876,52
"valencia","scrub","control_high",2022,"pf2_M dB-C T1 pf2 23-28/6/2022","M dB-C T1 pf2 23-28/6/2022",7,4.283914135281,3.40909090909091,30
"valencia","scrub","control_high",2022,"pf2_M dB-C T2 pf2 23-28/6/2022","M dB-C T2 pf2 23-28/6/2022",6,3.72104039201126,2.86725663716814,36
"valencia","scrub","control_high",2022,"pf2_M dB-C T3 pf2 23-28/6/2022","M dB-C T3 pf2 23-28/6/2022",6,2.29956805115551,1.56610800744879,29
"valencia","scrub","control_high",2022,"pf2_M dB-C T4 pf2 23-28/6/2022","M dB-C T4 pf2 23-28/6/2022",7,3.39707890055792,2.34243542435424,138
"valencia","scrub","control_high",2022,"pf3_M dB-C T1 pf3 23-28/6/2022","M dB-C T1 pf3 23-28/6/2022",4,3.36358566101486,2.90909090909091,8
"valencia","scrub","control_high",2022,"pf3_M dB-C T3 pf3 23-28/6/2022","M dB-C T3 pf3 23-28/6/2022",5,2.0772583106775,1.5544943085176,109
"valencia","scrub","control_high",2022,"pf3_M dB-C T4 pf3 23-28/6/2022","M dB-C T4 pf3 23-28/6/2022",7,5.00678307812105,4.17283950617284,26
"valencia","scrub","control_high",2022,"pf3_M22 dB-C T2 pf3 23-28/6/2022","M22 dB-C T2 pf3 23-28/6/2022",4,2.91551744351901,2.46913580246914,20
"valencia","scrub","control_hyper",2021,"pf1_M-dA-C T1 pf1 23-28.vi.21","M-dA-C T1 pf1 23-28.vi.21",8,3.99894065346343,3.07333718912666,163
"valencia","scrub","control_hyper",2021,"pf1_M-dA-C T2 pf1 23-28.vi.21","M-dA-C T2 pf1 23-28.vi.21",5,2.57983316783315,2.01317365269461,41
"valencia","scrub","control_hyper",2021,"pf1_M-dA-C T3 pf1 23-28.vi.21","M-dA-C T3 pf1 23-28.vi.21",6,4.04197671929254,2.98013245033113,30
"valencia","scrub","control_hyper",2021,"pf1_M-dA-C T4 pf1 23-28.vi.21","M-dA-C T4 pf1 23-28.vi.21",5,3.73629792442567,3.2258064516129,20
"valencia","scrub","control_hyper",2021,"pf2_M-dA-C T1 pf2 23-28.vi.21","M-dA-C T1 pf2 23-28.vi.21",4,3.56095177306732,3.26086956521739,15
"valencia","scrub","control_hyper",2021,"pf2_M-dA-C T2 pf2 23-28.vi.21","M-dA-C T2 pf2 23-28.vi.21",7,4.52556376236279,3.67833698030635,41
"valencia","scrub","control_hyper",2021,"pf2_M-dA-C T3 pf2 23-28.vi.21","M-dA-C T3 pf2 23-28.vi.21",6,5.34941802342378,4.76470588235294,9
"valencia","scrub","control_hyper",2021,"pf2_M-dA-C T4 pf2 23-28.vi.21","M-dA-C T4 pf2 23-28.vi.21",7,4.0894051109372,2.939586645469,43
"valencia","scrub","control_hyper",2021,"pf3_M-dA-C T1 pf3 23-28.vi.21","M-dA-C T1 pf3 23-28.vi.21",4,3.36992218619932,3,9
"valencia","scrub","control_hyper",2021,"pf3_M-dA-C T2 pf3 23-28.vi.21","M-dA-C T2 pf3 23-28.vi.21",4,2.60188798885492,2.2,22
"valencia","scrub","control_hyper",2021,"pf3_M-dA-C T3 pf3 23-28.vi.21","M-dA-C T3 pf3 23-28.vi.21",5,3.6352626307706,2.98110661268556,47
"valencia","scrub","control_hyper",2021,"pf3_M-dA-C T4 pf3 23-28.vi.21","M-dA-C T4 pf3 23-28.vi.21",6,3.76289766060534,2.71084337349398,30
"valencia","scrub","control_hyper",2022,"pf1_M dA C T1 pf1 23-28/6/2022","M dA C T1 pf1 23-28/6/2022",5,3.1328974304826,2.63503649635037,38
"valencia","scrub","control_hyper",2022,"pf1_M dA C T2 pf1 23-28/6/2022","M dA C T2 pf1 23-28/6/2022",8,5.228417027689,3.87931034482759,30
"valencia","scrub","control_hyper",2022,"pf1_M dA C T3 pf1 23-28/6/2022","M dA C T3 pf1 23-28/6/2022",4,3.88872957042044,3.8,19
"valencia","scrub","control_hyper",2022,"pf1_M dA C T4 pf1 23-28/6/2022","M dA C T4 pf1 23-28/6/2022",8,5.38101365393064,3.94736842105263,30
"valencia","scrub","control_hyper",2022,"pf2_M dA C T1 pf2 23-28/6/2022","M dA C T1 pf2 23-28/6/2022",5,4.4359877981887,4.09090909090909,15
"valencia","scrub","control_hyper",2022,"pf2_M dA C T2 pf2 23-28/6/2022","M dA C T2 pf2 23-28/6/2022",4,3.96624382901068,3.93023255813953,13
"valencia","scrub","control_hyper",2022,"pf2_M dA C T3 pf2 23-28/6/2022","M dA C T3 pf2 23-28/6/2022",6,4.14237948097218,3.29864253393665,27
"valencia","scrub","control_hyper",2022,"pf2_M dA C T4 pf2 23-28/6/2022","M dA C T4 pf2 23-28/6/2022",9,2.03258278808115,1.42548053389028,209
"valencia","scrub","control_hyper",2022,"pf3_M dA C T1 pf3 23-28/6/2022","M dA C T1 pf3 23-28/6/2022",8,5.74322847371082,4.4453781512605,23
"valencia","scrub","control_hyper",2022,"pf3_M dA C T2 pf3 23-28/6/2022","M dA C T2 pf3 23-28/6/2022",6,4.18655975332742,3.41290322580645,23
"valencia","scrub","control_hyper",2022,"pf3_M dA C T3 pf3 23-28/6/2022","M dA C T3 pf3 23-28/6/2022",7,5.21236120727445,4.54545454545455,30
"valencia","scrub","control_hyper",2022,"pf3_M dA C T4 pf3 23-28/6/2022","M dA C T4 pf3 23-28/6/2022",10,6.18221650038291,4.7219512195122,44
"valencia","scrub","high",2021,"pf1_M-dB-T T1 pf1 23-28.vi.21","M-dB-T T1 pf1 23-28.vi.21",6,4.96153227752081,4.16535433070866,23
"valencia","scrub","high",2021,"pf1_M-dB-T T2 pf1 23-28.vi.21","M-dB-T T2 pf1 23-28.vi.21",8,6.71397515006985,5.78571428571429,18
"valencia","scrub","high",2021,"pf1_M-dB-T T3 pf1 23-28.vi.21","M-dB-T T3 pf1 23-28.vi.21",7,4.85918072412852,4.01499423298731,59
"valencia","scrub","high",2021,"pf1_M-dB-T T4 pf1 23-28.vi.21","M-dB-T T4 pf1 23-28.vi.21",8,6.83141984748176,6.20512820512821,22
"valencia","scrub","high",2021,"pf2_M-dB-T T1 pf2 23-28.vi.21","M-dB-T T1 pf2 23-28.vi.21",6,2.93323705632219,1.99485555995251,71
"valencia","scrub","high",2021,"pf2_M-dB-T T2 pf2 23-28.vi.21","M-dB-T T2 pf2 23-28.vi.21",9,3.42959881958445,2.0593220338983,54
"valencia","scrub","high",2021,"pf2_M-dB-T T3 pf2 23-28.vi.21","M-dB-T T3 pf2 23-28.vi.21",6,3.90264090382379,3.18340611353712,54
"valencia","scrub","high",2021,"pf2_M-dB-T T4 pf2 23-28.vi.21","M-dB-T T4 pf2 23-28.vi.21",6,4.54703803634852,3.72307692307692,22
"valencia","scrub","high",2021,"pf3_M-dB-T T1 pf3 23-28.vi.21","M-dB-T T1 pf3 23-28.vi.21",7,4.55713286813094,3.5626204238921,43
"valencia","scrub","high",2021,"pf3_M-dB-T T2 pf3 23-28.vi.21","M-dB-T T2 pf3 23-28.vi.21",5,4.50320012840204,4.16666666666667,10
"valencia","scrub","high",2021,"pf3_M-dB-T T3 pf3 23-28.vi.21","M-dB-T T3 pf3 23-28.vi.21",8,6.23902782068749,5.42564102564103,46
"valencia","scrub","high",2021,"pf3_M-dB-T T4 pf3 23-28.vi.21","M-dB-T T4 pf3 23-28.vi.21",4,3.77976314968462,3.6,6
"valencia","scrub","high",2022,"pf1_M dB-T1 pf1 23-28/6/2022","M dB-T1 pf1 23-28/6/2022",4,3.59611546662432,3.33333333333333,10
"valencia","scrub","high",2022,"pf1_M dB-T2 pf1 23-28/6/2022","M dB-T2 pf1 23-28/6/2022",4,2.94367469320308,2.63015647226174,43
"valencia","scrub","high",2022,"pf1_M dB-T3 pf1 23-28/6/2022","M dB-T3 pf1 23-28/6/2022",5,4.19023598351927,3.76923076923077,14
"valencia","scrub","high",2022,"pf1_M dB-T4 pf1 23-28/6/2022","M dB-T4 pf1 23-28/6/2022",3,2.33657354148564,1.97560975609756,9
"valencia","scrub","high",2022,"pf2_M dB-T1 pf2 23-28/6/2022","M dB-T1 pf2 23-28/6/2022",8,6.0283680131674,4.97927461139896,31
"valencia","scrub","high",2022,"pf2_M dB-T2 pf2 23-28/6/2022","M dB-T2 pf2 23-28/6/2022",3,3,3,3
"valencia","scrub","high",2022,"pf2_M dB-T3 pf2 23-28/6/2022","M dB-T3 pf2 23-28/6/2022",6,3.17101968523142,2.42214912280702,94
"valencia","scrub","high",2022,"pf2_M dB-T4 pf2 23-28/6/2022","M dB-T4 pf2 23-28/6/2022",5,3.81563506933327,3.21311475409836,28
"valencia","scrub","high",2022,"pf3_M dB-T1 pf3 23-28/6/2022","M dB-T1 pf3 23-28/6/2022",8,5.96547793889798,5.02758620689655,27
"valencia","scrub","high",2022,"pf3_M dB-T2 pf3 23-28/6/2022","M dB-T2 pf3 23-28/6/2022",7,4.3251219873747,3.3906976744186,27
"valencia","scrub","high",2022,"pf3_M dB-T3 pf3 23-28/6/2022","M dB-T3 pf3 23-28/6/2022",8,4.10605610524079,3.16946959896507,70
"valencia","scrub","high",2022,"pf3_M dB-T4 pf3 23-28/6/2022","M dB-T4 pf3 23-28/6/2022",5,3.45491797910712,2.97523219814242,31
"valencia","scrub","hyper",2021,"pf1_M-dA-T T1 pf1 23-28.vi.21","M-dA-T T1 pf1 23-28.vi.21",5,3.06159944712203,2.46153846153846,32
"valencia","scrub","hyper",2021,"pf1_M-dA-T T2 pf1 23-28.vi.21","M-dA-T T2 pf1 23-28.vi.21",5,4.71065067421325,4.45454545454546,7
"valencia","scrub","hyper",2021,"pf1_M-dA-T T3 pf1 23-28.vi.21","M-dA-T T3 pf1 23-28.vi.21",5,2.86328700570109,2.27297297297297,58
"valencia","scrub","hyper",2021,"pf1_M-dA-T T4 pf1 23-28.vi.21","M-dA-T T4 pf1 23-28.vi.21",5,3.84546774543399,3.28934010152284,36
"valencia","scrub","hyper",2021,"pf2_M-dA-T T1 pf2 23-28.vi.21","M-dA-T T1 pf2 23-28.vi.21",6,2.47224853434622,1.73758865248227,35
"valencia","scrub","hyper",2021,"pf2_M-dA-T T2 pf2 23-28.vi.21","M-dA-T T2 pf2 23-28.vi.21",7,4.13937123969189,2.97356828193833,45
"valencia","scrub","hyper",2021,"pf2_M-dA-T T3 pf2 23-28.vi.21","M-dA-T T3 pf2 23-28.vi.21",7,4.55397117104704,3.6231884057971,50
"valencia","scrub","hyper",2021,"pf2_M-dA-T T4 pf2 23-28.vi.21","M-dA-T T4 pf2 23-28.vi.21",3,2.82842712474619,2.66666666666667,16
"valencia","scrub","hyper",2021,"pf3_M-dA-T T1 pf3 23-28.vi.21","M-dA-T T1 pf3 23-28.vi.21",5,2.36190622862711,1.73302635446262,133
"valencia","scrub","hyper",2021,"pf3_M-dA-T T2 pf3 23-28.vi.21","M-dA-T T2 pf3 23-28.vi.21",4,3.789291416276,3.57142857142857,5
"valencia","scrub","hyper",2021,"pf3_M-dA-T T3 pf3 23-28.vi.21","M-dA-T T3 pf3 23-28.vi.21",5,3.24567302852874,2.60586319218241,40
"valencia","scrub","hyper",2021,"pf3_M-dA-T T4 pf3 23-28.vi.21","M-dA-T T4 pf3 23-28.vi.21",4,3.43887592340219,3.16901408450704,15
"valencia","scrub","hyper",2022,"pf1_M dA T1 pf1 23-28/6/2022","M dA T1 pf1 23-28/6/2022",7,5.14747572745552,4.16666666666667,20
"valencia","scrub","hyper",2022,"pf1_M dA T2 pf1 23-28/6/2022","M dA T2 pf1 23-28/6/2022",5,3.30888975350658,2.65137614678899,17
"valencia","scrub","hyper",2022,"pf1_M dA T3 pf1 23-28/6/2022","M dA T3 pf1 23-28/6/2022",6,2.02516419795401,1.4525521838274,91
"valencia","scrub","hyper",2022,"pf1_M dA T4 pf1 23-28/6/2022","M dA T4 pf1 23-28/6/2022",10,5.13137295121176,3.18725099601594,40
"valencia","scrub","hyper",2022,"pf2_M dA T1 pf2 23-28/6/2022","M dA T1 pf2 23-28/6/2022",9,4.86259918856998,3.10344827586207,30
"valencia","scrub","hyper",2022,"pf2_M dA T2 pf2 23-28/6/2022","M dA T2 pf2 23-28/6/2022",7,3.9622174546674,3.15562403697997,64
"valencia","scrub","hyper",2022,"pf2_M dA T3 pf2 23-28/6/2022","M dA T3 pf2 23-28/6/2022",6,4.80696168934224,4.2,21
"valencia","scrub","hyper",2022,"pf2_M dA T4 pf2 23-28/6/2022","M dA T4 pf2 23-28/6/2022",5,4.19023598351927,3.76923076923077,14
"valencia","scrub","hyper",2022,"pf3_M dA T1 pf3 23-28/6/2022","M dA T1 pf3 23-28/6/2022",6,5.50449344237998,5.21529175050302,72
"valencia","scrub","hyper",2022,"pf3_M dA T2 pf3 23-28/6/2022","M dA T2 pf3 23-28/6/2022",6,2.54804992082013,1.76086956521739,54
"valencia","scrub","hyper",2022,"pf3_M dA T3 pf3 23-28/6/2022","M dA T3 pf3 23-28/6/2022",8,5.37709159860533,4.18407960199005,29
"valencia","scrub","hyper",2022,"pf3_M dA T4 pf3 23-28/6/2022","M dA T4 pf3 23-28/6/2022",8,5.79234222941699,4.3134328358209,17
